pending_ratio,queue_depth_norm,fragmentation_score,congestion_score,pending_gpus,total_pending,running_gpus,gpu_nodes_alloc,gpu_nodes_total,label_long_wait,raw_score
0.5131639197732111,0,0.34626472110842244,0.9511730747359907,3,4,3,4,3,0,0.2789962675143239
0.4299808128416111,4,0.6074220658189495,0.8091238291291551,5,3,3,5,1,0,0.25498007554156193
0.1311490607820374,1,0.8625902639985832,0.9241413881502365,2,5,2,1,3,0,0.3679805853978846
0.3267993975564461,7,0.5274080449200181,0.9070064833229997,2,3,1,2,3,0,0.29322960592126285
0.2513786478330275,11,0.7112315632591497,0.9761330745394212,2,6,4,4,7,0,0.438771566199784
0.2221520140195755,4,0.8358275884122408,0.36059050056434827,3,4,3,4,6,0,0.3703254155791328
0.12362552336130844,7,0.22799535181408004,0.8235455636593901,2,1,3,3,2,0,0.383304525581698
0.31363014666188194,4,0.18936785934244027,0.3349401803874834,3,0,2,3,3,0,0.30652532930895604
0.3879724932958791,8,0.17131781225361575,0.6145477935178014,1,1,3,4,5,1,0.5274788521634302
0.11824964192229813,1,0.05212172817750649,0.009706083979082347,7,3,0,3,4,0,0.2711141338445404
0.1966059372353489,4,0.15399062246331663,0.2918655294992566,0,2,5,3,3,0,0.412352130594173
0.4528588622419439,13,0.33810075540666495,0.32285441652343616,3,3,1,3,3,1,0.5145385553495746
0.18968384453400564,1,0.17976166486385847,0.3363486870600967,4,2,4,1,0,0,0.25112420713690864
0.21331403480460126,1,0.6436439219908849,0.14404059513796819,2,3,4,3,3,0,0.14517886662172555
0.5834397955197345,9,0.5871633960848417,0.014210353376410745,0,2,5,0,4,1,0.5246102077984219
0.31901906172025696,2,0.8202843144988525,0.2273211114030993,1,1,2,6,3,0,0.37229354173221607
0.6659491614279512,11,0.5645907486291581,0.019990768198570152,3,1,3,3,3,1,0.61809491321876
0.19089675166181574,17,0.16433551698092141,0.20071800017962604,5,2,5,4,3,1,0.5131843192550478
0.20491043159652117,4,0.46066803441529747,0.6376767654923787,2,7,3,6,3,0,0.27970089147912425
0.11660820374521015,2,0.9596017350398347,0.5712267686922463,3,2,1,4,8,0,0.21550436172778636
0.34215231597638796,6,0.6839797226446781,0.6774336928551955,3,2,6,2,2,0,0.3983547691998102
0.09117842369361084,3,0.8785536882862024,0.6690027388875553,2,2,4,6,5,0,0.19148353802044377
0.1633541632048118,0,0.8412569204614493,0.05580927709540484,2,1,2,5,2,0,0.26437880999995045
0.10013901051022756,5,0.2983250629142358,0.5339415235562269,2,6,2,3,0,0,0.31120127856524454
0.41496714699023335,9,0.28578265919172186,0.3941988597661027,1,6,2,0,3,1,0.6232582533031971
0.3032310367784248,3,0.6074772810622082,0.3838698002516716,3,4,4,1,4,0,0.35021545002691984
0.22812898342226873,3,0.5038814822904744,0.3385548002782045,3,5,2,1,2,0,0.35285426214328947
0.747516354375609,9,0.6572422415955895,0.402321786217549,2,2,1,1,2,1,0.5056912964548531
0.11923173496275795,7,0.8503251989347128,0.8115459933988108,2,4,3,1,3,0,0.31370720390367474
0.12749396057824727,6,0.3316369211979805,0.20356639036403867,3,5,3,6,1,0,0.34996753782549944
0.4770117702337987,1,0.9086620715696216,0.670072115350256,3,0,2,6,1,0,0.24192142244826992
0.38211479220820477,10,0.9533776636677636,0.44391411614864973,2,3,2,6,3,0,0.3616951452789055
0.14078327426855694,9,0.14988913048254793,0.6227507812616372,1,2,4,1,4,0,0.46750011652731555
0.18359510715119864,6,0.6615666711575146,0.36882207039049986,2,2,2,2,4,0,0.410798742292032
0.05623036112289503,5,0.8955699550775896,0.8522159836626592,5,1,3,3,4,0,0.19382995200228312
0.30951167180710426,6,0.1757373517991797,0.6478213038611379,5,6,4,5,4,0,0.41874732198791315
0.3580137802300713,6,0.6656015507301692,0.4653047659587629,1,3,3,3,5,0,0.3518644880975481
0.31037486914311013,4,0.6958702010746537,0.010343443191295099,2,2,2,3,3,0,0.3335564560257743
0.3284032042210389,1,0.7228901511123731,0.03483592466608354,4,4,3,3,4,0,0.33828632030616346
0.24873386357389174,4,0.09364323364494487,0.21148449076765152,1,6,2,6,6,0,0.26082437869907193
0.239651119555767,3,0.08668328196283459,0.7281541355661566,2,1,3,3,6,0,0.15088259139712598
0.37948604933668656,5,0.9058091665913007,0.27868045443702594,1,1,2,2,5,0,0.47199355175542457
0.41078785912765303,1,0.033196469454853106,0.7344968002770639,3,1,2,5,3,0,0.27980883168173903
0.16712291485791214,8,0.3496876530190097,0.32545253165077015,2,1,3,5,5,0,0.4227017404476042
0.3617255825343351,14,0.4242718612094635,0.614293394283461,3,2,0,0,6,1,0.5565411822471789
0.15919980760268876,5,0.9940354212768485,0.1599285050598115,1,6,2,4,4,0,0.4157068890169042
0.1951628754834538,0,0.5304869655832757,0.15290112885067464,3,2,1,4,3,0,0.1602075205323213
0.5421553182484139,0,0.9620217180820151,0.9749977419494904,3,6,7,4,4,0,0.30336231599232105
0.07082297302600879,3,0.5150766629352354,0.6713887039789376,3,3,1,1,3,0,0.24507655102464165
0.3309876519887809,0,0.8942825244214634,0.15889593601728158,7,4,3,3,4,0,0.409792098259069
0.17034511048577988,4,0.04039932894642151,0.3023782509228786,4,1,4,3,2,0,0.22017249745264314
0.26051131026836144,0,0.8580318274883973,0.11717838261731872,4,3,1,5,1,0,0.2763959400131337
0.1861468886381311,11,0.8377481767014149,0.20309483939817552,0,1,1,3,1,1,0.5186346745814586
0.2872733681696794,7,0.3995971979368337,0.7735009433755009,3,2,2,4,5,0,0.4032209725875919
0.248600432019704,11,0.9345731310581329,0.2737247198378715,8,3,4,4,2,0,0.458630657809254
0.6914894625775686,1,0.22684952196110308,0.8884449569033568,4,4,1,5,4,0,0.38243035390731084
0.2033209964030646,0,0.15026521689212868,0.00511277158245349,3,1,0,6,2,0,0.137851418699635
0.05793373611259433,14,0.7286405717582649,0.6350022024039301,3,4,5,0,1,0,0.3546708190776808
0.0758687142451875,6,0.046714345248215605,0.24902691525748122,5,6,2,4,4,0,0.1957922623220458
0.21166753929858315,7,0.31855592620036277,0.8883742143840471,2,0,2,3,3,0,0.22907483358131228
0.3814446723828805,7,0.9936910586363379,0.34718176210147345,7,1,2,2,4,0,0.4106386430190126
0.5764855437401587,2,0.673179401560612,0.3115804052171536,2,3,3,1,4,0,0.3547874323152604
0.30914132420292056,1,0.7920935672478037,0.3704000679608884,2,2,1,6,5,0,0.31337848215112085
0.4238998237231324,9,0.37822024097309026,0.09545102636332847,5,3,3,6,2,1,0.487248555141716
0.3412201050632288,0,0.4109103810523641,0.9066939930664726,3,2,1,4,3,0,0.24877772546334997
0.2785875330680012,1,0.8952303171699958,0.9239360414031714,3,2,4,3,3,0,0.17842005721730408
0.29195388629059893,1,0.7135320798970143,0.7078822795215521,1,8,2,3,3,0,0.1986941079958015
0.16090840539987916,0,0.2787209111205159,0.5196962984257095,3,1,2,4,3,0,0.3032710433080842
0.11001169600280584,5,0.42645744857502477,0.40195039744660255,5,3,3,5,3,0,0.3482953177368401
0.16512097662593558,1,0.38402963353366226,0.49520170608673963,4,2,4,3,3,0,0.17824403044028253
0.4118075092586657,6,0.9773742673374293,0.9806359343548413,2,6,3,1,2,0,0.2603150841273192
0.32425772129702946,11,0.6229408781045257,0.5122904755488779,5,3,6,2,1,1,0.5339229784587076
0.25769464059957053,2,0.5962177408283713,0.7277598291778972,2,2,2,6,2,0,0.37113761268251105
0.24717562916254263,1,0.28591243180510695,0.41826043488519127,2,5,5,5,1,0,0.33323682616184774
0.28433539449661654,10,0.22371599783930707,0.8572064349050562,7,3,2,5,2,0,0.32920664608091277
0.537804661798242,10,0.5021414718979198,0.513408296315396,1,4,2,4,2,1,0.48645536266898565
0.30326921016918085,2,0.1994598398153209,0.45394711529180753,2,4,2,6,1,0,0.33911150279489943
0.41776100756128315,0,0.6897584560667109,0.25819858915073246,2,1,2,5,1,0,0.20377858899419196
0.34120876967651237,13,0.42709667826515363,0.3392285531519622,4,2,6,1,7,1,0.5334940359757826
0.3427978421861795,0,0.47916574813241375,0.1744827431819156,5,8,0,1,4,0,0.2743314185173277
0.11612007378021913,0,0.14156681808571803,0.48397234881709805,3,4,2,1,3,0,0.1719513366390057
0.15919402246652054,1,0.8376594092495119,0.9652395620687255,4,2,2,0,0,0,0.21218684869516014
0.15110692828996428,2,0.8677275733342137,0.7957388775513442,0,2,4,4,4,0,0.3014199874145346
0.8371868286806502,0,0.6011180130494684,0.6738104269635314,4,3,4,0,2,1,0.5575507880853161
0.22556125175539357,10,0.6988561683712536,0.6793622930388369,1,1,2,2,3,0,0.27492619048935363
0.4717019522819742,5,0.2130509565814016,0.43934879369828506,1,2,6,3,5,0,0.45124588454927833
0.2710586773394679,0,0.12039574689455834,0.2449460660895142,2,4,1,3,1,0,0.14301566105470678
0.1206479564642684,0,0.8458402365160473,0.16235148985543724,2,4,5,7,7,0,0.13374842201141193
0.16453108425963872,11,0.3513625828001986,0.8091160137000253,2,6,3,2,4,1,0.49202416916775493
0.21233478295261712,6,0.4068877466271986,0.8421238893241997,0,3,2,5,2,0,0.400735127826356
0.34102406730141893,3,0.44263985673574113,0.6186770893462211,2,4,1,5,2,0,0.26772024960244595
0.27175291354342684,1,0.9686004040457952,0.40177916693816296,1,6,4,3,4,0,0.21926661617921953
0.2334563360574229,0,0.9078565324233108,0.16780105811811574,3,3,3,2,1,0,0.27046364668473116
0.22992982260785852,2,0.5690174281324408,0.02084736736812609,3,5,5,2,6,0,0.24861032783874604
0.267758127708853,8,0.36501442273710083,0.052929981315503194,8,5,2,2,3,0,0.3826478545983804
0.1819814026155818,0,0.01937713649674111,0.6347375500074081,3,3,4,2,3,0,0.23413459559387273
0.6433157928013232,1,0.5380905961117257,0.3849157300077901,1,4,2,1,6,0,0.22938412570558753
0.32729658563991604,9,0.8321743554992076,0.3479009695054436,5,5,2,1,2,0,0.4053213841200191
0.12874972636305904,12,0.9172967006840911,0.7081157715760378,7,2,1,5,2,0,0.44358291377650183
0.20329830947864372,4,0.22582351060852157,0.8630391249425247,3,4,2,2,1,0,0.11628530013394571
0.21592662900514661,0,0.6121116646536272,0.6033362328282403,1,4,3,1,1,0,0.10262622781047219
0.300544675328319,4,0.29179993011349803,0.7518236201451601,2,3,2,3,4,0,0.4250897673987838
0.2214599533531064,0,0.45081981013677763,0.6400227873692252,3,5,4,3,0,0,0.18096276716898488
0.2966642834055632,0,0.9524381208284131,0.4942309996792087,3,3,5,4,2,0,0.17080182418512888
0.4098586634129599,0,0.17330748965763054,0.42405668277358377,4,2,5,4,2,0,0.26593167959520886
0.4405748599972228,4,0.9442806658331725,0.19751131232405628,1,4,2,4,0,0,0.3504254124715902
0.40749078637624925,1,0.037774444449499955,0.9554046047022597,2,4,1,1,4,0,0.3304193317476393
0.41442739703715326,13,0.04232750015705733,0.8066201646653336,6,1,3,2,1,0,0.4655322987526366
0.34300055664609663,4,0.3569223648281442,0.5382249754233912,1,0,2,8,4,0,0.27390679547069213
0.40650221674153386,2,0.8024438106354786,0.7399474613031044,3,2,2,3,1,0,0.3339817540277482
0.33011028898558287,2,0.7519225389563079,0.31904143897315085,1,1,4,4,2,0,0.36367455384770797
0.11576768785859759,5,0.8483134578167847,0.5852919063271599,1,2,4,2,3,0,0.19780354481477977
0.202545663277379,7,0.7988047980277617,0.7005693969690128,4,3,1,3,2,0,0.3343146474993142
0.47995685535154353,7,0.4264601872863536,0.16264659798145154,4,3,0,1,5,1,0.47825068147083505
0.3139308588839526,1,0.4468768282698722,0.7296007536247038,4,1,2,5,2,0,0.1416563440401136
0.275831044603829,1,0.47307217418425196,0.1331736742672427,3,3,4,6,7,0,0.21277011594465925
0.38306905668343116,1,0.47226174146031585,0.33787592780834297,2,4,7,2,5,0,0.27923333588320204
0.5316099198415664,10,0.8352994444332762,0.5202019553014327,2,2,3,2,3,0,0.39062788020108263
0.201278348708803,4,0.2290409956155336,0.38970333023818793,3,2,2,0,6,0,0.24047231930545565
0.3638793491163656,17,0.16462159507840723,0.21921796774450764,3,3,1,4,1,1,0.5186060659411201
0.6054442468015384,3,0.8186899128398966,0.5664891771702227,1,3,4,2,0,0,0.4159023786576691
0.28629199548975165,3,0.23370292487807798,0.011585809170440275,1,3,3,1,4,0,0.31769113963580725
0.21160269224955505,17,0.7333789103653232,0.18004562810747904,0,5,1,2,6,1,0.5735479649466797
0.35898490906596,6,0.3007968629545169,0.04071722340581474,3,4,3,1,4,0,0.2543753729049732
0.2888771411018239,0,0.7141338411595824,0.07203607170105342,2,2,1,1,5,0,0.4140926255396359
0.4461991270013417,14,0.8835047242244827,0.5089759204784085,3,5,3,4,2,1,0.7856249670166245
0.5447338062284708,0,0.7110341448489532,0.4821455457760553,3,7,6,5,2,0,0.2842055932099866
0.1998047416326431,7,0.7858808744950445,0.6538309185840605,1,4,2,5,5,0,0.24833601108303835
0.5406304906339109,0,0.6328383497830747,0.3276976361781263,4,3,1,3,0,0,0.2538664946130058
0.13429105620535134,7,0.9822342923505787,0.21398005180067703,5,2,1,2,3,0,0.4436575250048681
0.15808267836661247,8,0.7322082729419126,0.9711752273081969,1,2,2,3,6,0,0.26465186580063027
0.27127903565374384,2,0.8267490303191055,0.2001651911348501,2,4,2,0,1,0,0.2865703131448338
0.19545310906897037,1,0.7354062700348722,0.8233548685932072,4,3,4,2,6,0,0.20049797619285825
0.05433957888749375,3,0.2225489778480545,0.37546535938536274,5,4,2,5,5,0,0.24713429770830628
0.25380148530651564,0,0.385888362673213,0.002070472547324953,1,1,3,4,3,0,0.0
0.3729164276598455,1,0.4997390432718357,0.46220193789712494,2,1,2,6,4,0,0.24033658912978484
0.14974370553031705,4,0.7498399245696263,0.6629817396876154,7,2,1,2,3,0,0.1095236789243379
0.3982266243238611,0,0.4834166344296935,0.8626880466217065,2,3,5,4,2,0,0.1691967368051309
0.24840492793424687,1,0.8644663508967378,0.3645068523332686,5,1,4,3,3,0,0.16965184980280526
0.09405730510175908,1,0.3940139078813921,0.3965901282351819,2,3,1,2,4,0,0.2693834792380527
0.3082982209401345,2,0.4856283505858502,0.3484070640503635,3,3,3,2,4,0,0.18575129900929727
0.31807894000558745,2,0.05784397716273937,0.41831269444133157,1,3,4,1,3,0,0.23905968415996046
0.3431506899634289,0,0.8464183723103537,0.3572294676573865,4,5,5,2,2,0,0.292553067251096
0.23042200887564426,2,0.9666285230705988,0.5115144647725975,7,2,2,3,3,0,0.21474158487885345
0.18816998563001816,7,0.21543114012231623,0.32374202151406617,8,3,2,1,3,0,0.29130771091343627
0.5192219387584164,0,0.9273703388351571,0.3487314569359157,1,1,1,2,1,0,0.28902162924639097
0.34370434706107567,2,0.5842879560162927,0.5444234045536447,5,2,1,5,3,0,0.3207968720739832
0.30417273668434003,0,0.2607667958569927,0.6666164089437977,3,7,8,0,4,0,0.17585521270613516
0.1277445516600467,0,0.42833142137913605,0.7771513251215075,3,0,5,5,5,0,0.22997118237288747
0.5371359927287871,8,0.8696258582789477,0.5502354377870822,3,6,3,7,4,1,0.6359122802759032
0.29369707646610543,6,0.2953494579222875,0.8333805397501702,2,1,4,4,2,0,0.3276341262708655
0.46938113547014765,0,0.8280420826904191,0.6950836394384187,4,0,1,3,3,0,0.2984488932818539
0.26051370261114043,1,0.549190352388866,0.6079771358656043,1,1,4,1,3,0,0.12788203145411903
0.15084082436259655,4,0.8379437890841493,0.11005212854356006,1,6,1,4,3,0,0.2814632970107427
0.14840126607453794,5,0.1626310442286616,0.0789091612845999,3,2,3,4,4,0,0.3438519354850066
0.02798607164830041,2,0.8850789817262673,0.008646402255178764,5,4,1,2,3,0,0.26786705769568636
0.2695682656882646,4,0.35934558668525163,0.3097870939383237,2,2,4,0,2,0,0.18156813519770124
0.3795693841325417,4,0.02803241079845109,0.4878209316427935,1,0,2,3,4,0,0.3863019973080153
0.18737721272978716,1,0.42497375801080806,0.2179373860152718,4,3,2,1,1,0,0.3007507151619935
0.3697173014593846,7,0.34079428552471414,0.5707457272517407,3,5,5,1,0,0,0.3615640633827669
0.13628253490418038,1,0.0777859518113706,0.07811944669730453,6,6,5,3,4,0,0.07808755547214181
0.3401295687960228,7,0.33396380320182906,0.48740750921055076,1,4,2,2,4,0,0.434240330928018
0.30763788136787135,9,0.792320471740458,0.24218653498741405,1,3,3,2,5,0,0.439624363742983
0.13893511932843008,4,0.6370091299748782,0.330800639769687,0,7,4,4,1,0,0.2861170882098385
0.5102103263924284,8,0.5237785168255576,0.7961592507324761,4,3,3,3,4,0,0.4260161069549958
0.2632758824305039,5,0.2442985450577937,0.021410893845170698,2,0,3,2,1,0,0.23978847721252766
0.6100503546607047,12,0.23378303514256749,0.7269163687893949,4,4,3,3,2,0,0.43732240070091927
0.15960233710766866,2,0.8664749937844501,0.2974445347805803,7,2,3,5,4,0,0.3693346973474523
0.6320985536969175,0,0.009094237585948406,0.9187286577649183,6,4,3,2,1,0,0.3359013553956789
0.5099771924218232,18,0.14043458824336585,0.3518708884241182,3,2,2,2,2,1,0.6571832889949937
0.240770084456941,0,0.6327561959482261,0.7242664816466388,3,0,1,3,5,0,0.17700184288701304
0.06108867864914369,7,0.9945951271072294,0.2969952629011824,3,6,4,1,2,0,0.18891519888424207
0.17371511395845618,4,0.0252283619620548,0.4981214834771821,4,2,6,2,3,0,0.28805657071046004
0.518618476967183,4,0.10821528019061533,0.5210011601362623,3,7,6,4,2,0,0.26352338710060674
0.15393429159942162,0,0.8247196802230471,0.2821183987775443,2,1,4,4,4,0,0.18957349045352942
0.04542475091976778,22,0.45568001182443396,0.43251320590814335,2,4,3,5,7,1,0.6920882495857075
0.07736646960940083,3,0.7800772133969698,0.09471160589895378,2,1,1,2,1,0,0.16583094378844015
0.14528862377306856,8,0.6657186474236972,0.9237275250828471,2,6,2,2,3,0,0.37378557304564314
0.22234977773137235,5,0.4710615148930043,0.6497998290414266,5,3,3,3,4,0,0.32349686690646584
0.18978564590630986,10,0.9345650758667534,0.5085825644776288,2,4,5,2,6,0,0.4724189842466222
0.21219896434969154,10,0.43659934705903014,0.4130240037798326,4,1,5,0,5,0,0.4440077975375508
0.19547709356077875,1,0.5686358672433048,0.0007049976357390575,2,0,0,2,3,0,0.20383764200459892
0.46855273372896883,6,0.4369289877167021,0.46016024133651856,2,2,3,3,3,0,0.3383834691970524
0.22712324887909377,4,0.16943889732243145,0.17681315348439153,0,5,2,7,8,0,0.357199394365098
0.18597106389009407,0,0.6630797523366297,0.5069954363454883,3,3,2,3,3,0,0.14429526442799834
0.3844655266551707,2,0.35381859806704374,0.6987112394569105,5,2,2,4,2,0,0.1890617481342229
0.1392087147800488,1,0.005675589245635382,0.20960628919569946,0,3,1,2,1,0,0.22874377812812471
0.10577233126372808,10,0.4544477257298609,0.752014372144502,3,3,0,4,2,0,0.4197141410646358
0.39093609206273244,10,0.41296758541864365,0.4457444960527518,2,2,2,5,2,0,0.441940692915214
0.027153839494908915,1,0.12302085275833341,0.18818950344975105,5,3,4,4,5,0,0.29218228930350076
0.2196988310703109,4,0.46647006723344786,0.28012494676440225,1,3,3,2,5,0,0.20335029389913847
0.11505427224937743,1,0.02190425267341478,0.5828215524654204,5,1,7,1,5,0,0.10090589979694654
0.28915139807473605,3,0.40170592301373587,0.5895681505803132,2,2,3,4,1,0,0.3726694372042746
0.04361986944979873,6,0.22610539472766955,0.783417192567161,4,3,3,4,4,0,0.23828838245949663
0.5780559407452394,9,0.0587806397410493,0.5801266166790193,2,2,1,5,2,1,0.5229322973852536
0.4068257965049877,5,0.12213466957701014,0.7232850176678013,2,4,1,2,2,0,0.41388966474879624
0.4030479658328545,3,0.44565673547797735,0.14084117020387454,5,0,5,4,3,0,0.35814431579217454
0.5248665042273003,0,0.7497548139896465,0.619494910970687,5,2,2,7,4,0,0.3119441162054691
0.1383719794751422,18,0.8284331288706077,0.49888998200048174,3,3,5,5,4,1,0.5716272769366835
0.2963195693715698,7,0.04184041996920085,0.3407943932764542,1,0,7,4,1,0,0.4619257193941425
0.12282743872812968,5,0.558948099655665,0.45344091816542975,2,6,4,0,3,0,0.24966639510465208
0.3818152608824212,4,0.055462921563965595,0.7897554298928318,6,3,6,3,3,0,0.21601162993778
0.13109347670954768,1,0.15043616004839477,0.35094857349178943,1,4,3,4,1,0,0.13758200878298252
0.19055137370494754,3,0.8450056514608043,0.4414911667451463,5,4,0,4,4,0,0.27033509658061433
0.24818046507947167,1,0.17396731643756402,0.9554359015816428,3,2,6,7,3,0,0.32231574616455044
0.1715891482802392,1,0.34899820198757336,0.48057297193969084,2,2,3,2,6,0,0.26471359895747854
0.2504029025394783,17,0.8716628220456866,0.1863539958488274,4,5,1,2,4,1,0.5607610838373438
0.09163555462304582,5,0.029392074276428537,0.6090274845503912,1,4,2,1,7,0,0.16643446809352702
0.18942418115515317,7,0.5927574245822193,0.570935146321721,2,4,3,7,2,0,0.46387805233817153
0.3102009367882371,3,0.1302956339426734,0.22279142608352454,0,2,2,2,4,0,0.24928612609585726
0.4731673241297357,6,0.4595794440170523,0.011502990850859707,4,6,2,1,7,0,0.4208815116268193
0.23444623505570977,2,0.20265914479458536,0.10245608847834142,4,3,1,4,2,0,0.06727927628103492
0.10140995688887085,0,0.4962595612883527,0.6690946154085735,3,6,3,3,6,0,0.2104598044055491
0.07698681243707464,8,0.634854545447382,0.6266244616362966,6,3,4,3,2,0,0.228478294226983
0.1630732058078375,16,0.36816721609801484,0.6487965198187536,8,2,5,4,5,1,0.5028602745431208
0.6499095317127382,6,0.43919674736604863,0.502025051600847,3,4,4,0,6,1,0.5637081124186547
0.3512976596693963,11,0.9868381539639611,0.6966571581587645,3,1,2,3,3,1,0.5841761448391626
0.08491065562521578,2,0.7624670097219619,0.48735228798186137,2,1,8,1,3,0,0.24918604846573902
0.11418929316874914,0,0.9308281570733631,0.13940620718204833,2,4,2,5,7,0,0.07260606298842208
0.22569896502455816,5,0.4583026636699762,0.05655469178291572,3,5,6,2,3,0,0.2709609237824431
0.3793817790644491,0,0.07838684834470033,0.6497163590424023,5,4,2,2,6,0,0.2534409226635908
0.5874630009643422,12,0.38910955565502026,0.9223111354270055,5,1,2,1,0,1,0.566605644648066
0.3598832635070779,2,0.1563047129089984,0.9724214030097679,2,0,5,3,1,0,0.2683885716723286
0.26281748121022896,3,0.05781973332109713,0.32951859724966126,1,3,8,1,4,0,0.34503523531312424
0.3928361116336011,2,0.8856610753642093,0.26188177691943826,1,2,5,1,3,0,0.2958015539221309
0.11170765241049846,15,0.41125256130473187,0.44602018176783487,5,1,1,6,4,0,0.43711325158920145
0.12048282000862773,5,0.25638423461286175,0.27697009618588886,2,3,2,0,3,0,0.4457219916765462
0.3751557118648699,0,0.37522077142274146,0.8100272741537672,4,2,5,3,3,0,0.3299441508904885
0.5618290091777808,1,0.10129312715507388,0.2583157060205572,3,6,4,3,1,0,0.33964068229509875
0.7816125975359668,1,0.14027696692027503,0.5317056726456898,1,2,3,3,1,0,0.40265801479075836
0.11457387818875228,0,0.6396818831828462,0.2251358264510549,4,1,0,1,2,0,0.23243325792620514
0.1601021310098439,1,0.6129321593273666,0.958926225385955,4,5,0,3,3,0,0.19731033420063612
0.2447800518123051,1,0.053635033473366955,0.31400965886247234,3,2,2,3,6,0,0.19261039037534508
0.6724069292146232,7,0.03234747694193607,0.5706900578985843,7,2,5,4,2,1,0.524732476598789
0.3652270149124096,3,0.7649440105036579,0.5171202706500317,0,7,2,5,6,0,0.3331802544901403
0.22875621949177974,0,0.446533227941008,0.18161391661125403,1,3,5,1,2,0,0.2465348765827751
0.09925892041512013,1,0.3868068138277998,0.7650525048106975,1,2,6,4,7,0,0.24212522466362804
0.23107716280770044,2,0.05837084797779846,0.27101587226500135,4,2,3,2,2,0,0.3183850880694332
0.11877974109441015,5,0.8224342288599842,0.05148164485791307,1,2,4,4,0,0,0.3329004462049927
0.087282137090164,0,0.45728656074690166,0.4612876251174006,1,1,5,5,0,0,0.03954089964998751
0.2051701204004202,0,0.2772065773578809,0.5685896380536939,5,5,5,5,6,0,0.154605850713737
0.13188306624992735,12,0.0016330175994563323,0.34675567970749,1,3,3,3,1,0,0.3953147691330126
0.3800539821239018,4,0.42509738904661876,0.20644284977533978,3,1,6,5,3,0,0.30622641445061255
0.13532251660706385,10,0.8067441158342509,0.9734891304040981,3,3,0,4,6,0,0.3693606778273084
0.14593356826228782,0,0.982422423890534,0.2593780832660685,5,5,3,5,4,0,0.25920428317358446
0.4883102658518802,18,0.293076011634958,0.21200058394805832,0,1,3,7,5,1,0.6212909842534319
0.16723601343695663,0,0.3700504957579489,0.9120551454653237,2,1,4,3,2,0,0.20054839760602086
0.6433723347967458,3,0.03230374083519083,0.6199978968361247,3,3,4,5,3,0,0.32589356854552337
0.793242850722827,4,0.43129268079906,0.7875154180393259,4,2,3,3,1,0,0.449444001610367
0.5119946424072364,11,0.10997963188547433,0.5361677354616111,5,4,4,0,2,1,0.5782858661971433
0.5598216561945911,2,0.597836313327311,0.9148717474511546,3,1,2,3,3,0,0.372509762481312
0.27597878547956034,0,0.44937252904192804,0.9455612579658861,5,2,2,1,1,0,0.08094600222615547
0.3464383650887888,3,0.18282344066490097,0.657900454881275,4,3,4,1,4,0,0.38824315000705767
0.47883312720260673,9,0.319339958706202,0.8632587921373797,5,2,4,8,4,0,0.47002738206245925
0.16559181600654577,2,0.15617562845784694,0.2722291800456792,3,1,0,3,1,0,0.09168358709203918
0.25405118893437756,17,0.5521325678252615,0.44041373070096224,7,5,6,3,7,1,0.5032272809446653
0.6247372453890137,7,0.009776185202941878,0.5188316211462481,2,4,2,2,1,1,0.6140698395150811
0.12524106503067964,13,0.14669498421827465,0.5197042635097269,3,2,2,2,2,1,0.5070973092569173
0.18686803004214914,9,0.05757941108989573,0.04407569562330904,0,1,2,2,3,0,0.30259593385383243
0.34340103682908213,3,0.9197633079292927,0.07282218057965317,1,3,2,2,0,0,0.3051056260186038
0.3653059373064847,1,0.9177906057831796,0.6925869492780043,2,4,6,2,1,0,0.24522719861359113
0.035397708805064036,9,0.5680890933467756,0.0243874742266047,4,4,3,4,0,0,0.20826482152579787
0.09456138665254071,4,0.22717470238068882,0.3525228765881737,6,4,8,0,5,0,0.15810783233494857
0.08271208085855529,0,0.5502350614362003,0.9667984732150167,4,5,0,6,0,0,0.12061608735983681
0.28568741970008726,2,0.30450264956629247,0.093690577939599,4,1,1,4,3,0,0.2995923520735199
0.17205794278267134,7,0.2928105876432935,0.659447752237075,2,3,2,4,5,0,0.2798941055000959
0.04660753579008106,2,0.45889889617014523,0.4181046605247515,4,2,2,4,4,0,0.20045862876753617
0.5147351892632192,10,0.8870076870042028,0.06405478067368564,3,4,5,2,1,1,0.5017983147226239
0.2614328003998236,9,0.5090338773188074,0.07333925072307457,4,4,0,7,3,0,0.4374155411033971
0.08521743606720192,4,0.9418301510931156,0.32871148436633457,4,4,1,5,2,0,0.22076277440210582
0.3803970691539435,3,0.5558112547375949,0.1850637097956952,3,4,7,7,7,0,0.4399811763176446
0.24937332136702095,0,0.03320748681067287,0.7213903558528832,3,3,4,5,4,0,0.1508414510535895
0.32832401654519394,0,0.9425758110241794,0.8324148001603432,2,3,1,3,2,0,0.11255952387835207
0.2039967663267804,10,0.5218186568529688,0.6637621982821141,2,1,3,1,5,0,0.4540558895484968
0.04311251556531701,0,0.8524675624147734,0.5503968912545769,1,1,8,1,6,0,0.20280311758983788
0.22876014281439647,1,0.9968978896448591,0.41539205266158175,4,5,3,4,1,0,0.15271372089328272
0.2804544356290568,0,0.16007392334924042,0.07318199371928391,2,5,3,3,4,0,0.28559668686429046
0.10606152036691208,4,0.6567837406863505,0.9732618256446117,1,2,2,4,3,0,0.2802061514187193
0.3454093560689026,0,0.5732513277071302,0.7283817111464888,5,0,8,4,3,0,0.20505685981127678
0.3178954761359131,6,0.023919267935229804,0.19068053098451865,3,2,1,4,2,0,0.2805973966055684
0.18693985040921243,5,0.6589105996468596,0.031183273939964673,2,3,5,2,5,0,0.21122429524388162
0.33029804501023297,1,0.7246823157769914,0.02581203564004131,4,5,4,3,4,0,0.2888722598098053
0.3027857449971215,0,0.2649065810038933,0.5961786323904109,4,2,1,6,4,0,0.23037804040797583
0.410991662874929,1,0.38922448168060175,0.9014228639658836,3,2,3,2,8,0,0.2260355301800746
0.27535820063626515,10,0.5204067404815208,0.9892096308528138,0,2,3,5,3,0,0.3513479617314441
0.5081324436678117,7,0.05794619786053212,0.6752754734418469,2,5,2,5,3,0,0.4510595441343376
0.19273031257750484,4,0.8916096569487799,0.15442107740135158,4,4,3,4,2,0,0.25994572974344016
0.2534984852955902,1,0.07558811060271098,0.6362684891869962,4,3,4,4,3,0,0.23758931399687452
0.05068677354858146,4,0.331657063064863,0.5445202844554973,3,3,3,2,5,0,0.11888312302912704
0.266373513245419,1,0.6126096913526763,0.010852555265970731,0,2,0,1,1,0,0.33986845309990565
0.12801053536711227,4,0.6117191318540945,0.8330655253813785,1,3,3,8,2,0,0.12631581340680006
0.13298777338336962,5,0.8655757188334462,0.4351462311572527,2,5,3,1,3,0,0.22666107427290993
0.08618490133560357,7,0.1978268880264924,0.6038480423364855,5,4,5,3,4,0,0.4084001512014897
0.2589091005690038,11,0.6682870054856821,0.580303387413754,4,6,4,7,5,0,0.4536537584667873
0.48536837842218056,9,0.12890385728330156,0.45942895406199313,5,4,2,4,4,1,0.495485828836236
0.20042718112063085,1,0.7020269363664361,0.2882756626678381,5,4,3,0,2,0,0.2139446142960312
0.48936161542323353,1,0.5691691247934595,0.10318717391386845,6,2,3,3,5,0,0.2309843547027517
0.14788658823118556,1,0.8745774091073106,0.2123071399830092,6,2,2,2,4,0,0.13842542083796497
0.23903323782993818,5,0.8588171217049453,0.7449040078945105,0,3,1,5,7,0,0.2422221057101712
0.5633032344658226,18,0.003212044737861741,0.5905025832893006,3,1,4,1,6,1,0.77664248023291
0.3293114497952652,3,0.24221213256240226,0.9243012033431286,2,0,4,5,3,0,0.3868145670538576
0.3341016055181089,1,0.6116963920982831,0.2760885719152303,3,3,2,3,3,0,0.2000464769216633
0.3344550499224692,2,0.3438389576907951,0.14809843362295427,3,4,4,4,1,0,0.2796395424254191
0.3017598109158468,6,0.02404851392510421,0.7395068975163588,4,2,4,2,4,0,0.3754414829952479
0.15955981797533636,7,0.8426969102080385,0.9734634194906707,1,5,6,3,4,0,0.3997067791116216
0.275954893414127,1,0.9608165170703937,0.6200026104343882,3,6,4,0,4,0,0.136168493396898
0.32143193409748094,0,0.19523561247099885,0.3275473786729185,5,4,3,3,1,0,0.3724911111150916
0.45859830786884576,7,0.19945736154127391,0.7349244956981795,3,1,4,4,6,0,0.3817328155946509
0.1310370346065096,3,0.7461987026551158,0.4586642863496948,3,1,2,0,4,0,0.2257364835354578
0.6320731761929476,10,0.42098250740467646,0.9144310560960747,3,2,3,3,1,1,0.6779183460627075
0.19798066888436616,7,0.9701193458819795,0.9263478680755347,1,2,5,4,1,0,0.3803466460840692
0.23698860825673357,10,0.3620657458138514,0.9561958703851839,3,4,3,1,3,1,0.5147219498522766
0.1797033201142288,0,0.548873465904319,0.3308962965785903,3,3,3,3,5,0,0.26872982466090684
0.5248377457786858,12,0.7493308222790867,0.6999618680434228,5,4,2,0,5,1,0.650601029744231
0.23422748443272542,5,0.44439247228517453,0.4161520422210869,8,1,3,4,1,0,0.16339790810319155
0.46673150014808007,12,0.8959835199027393,0.014299078301107104,3,2,2,0,7,0,0.45619060114428345
0.08202409384049716,15,0.37507987050871683,0.5702107008967976,4,3,1,5,2,0,0.4492649428742776
0.19587975803112628,1,0.40899835389000594,0.06781900984977718,2,4,3,4,9,0,0.17959108501286544
0.33564196317201916,6,0.9124524077135824,0.49946673674793485,2,4,2,4,5,0,0.3378563281364943
0.24251308151770676,2,0.315738564439636,0.6063490711624587,3,5,2,1,4,0,0.2612469829787711
0.5851845557434965,3,0.9877786080064495,0.8914253722717349,1,3,1,4,4,0,0.32246566597033294
0.11231806233368395,6,0.8321015551771185,0.5634693702759583,5,2,3,2,3,0,0.33467356043171753
0.09002184353243985,3,0.03237027350183741,0.11635986915011909,5,3,4,1,5,0,0.30955803706073
0.0783144492780658,6,0.9299752958874121,0.6846486606747036,4,4,2,5,7,0,0.3065560677435218
0.28727990143509946,4,0.14268563050362604,0.2328210704709902,3,2,3,8,1,0,0.3887975381707839
0.4542141008762026,2,0.034578882798345645,0.29032326252467866,4,2,4,6,2,0,0.3746705153680199
0.2760545907425561,3,0.7140390393462321,0.11406734042976296,2,1,4,2,2,0,0.3109879218494625
0.41019726080876784,0,0.5658749586020992,0.3605519088228857,5,2,1,1,2,0,0.13073861651134264
0.3621742740064091,5,0.9767270570669393,0.07598934373457056,6,4,3,2,3,0,0.3012439615411849
0.1117015943130201,0,0.6616059472826245,0.11740449835452582,4,4,4,2,2,0,0.1804793975718062
0.31388391299196705,8,0.40493613133243134,0.5224909265745868,1,6,4,3,3,0,0.413435541471021
0.3398196619045926,0,0.42908856551578745,0.7172354595939704,2,3,2,5,3,0,0.12379114863308945
0.31133103731796385,5,0.5931601626549587,0.6452680704170037,5,5,4,1,4,0,0.2793172771233728
0.2639862777296902,6,0.47649170540215735,0.38918206075593176,3,1,4,2,1,0,0.4500967345318976
0.38029844723620526,9,0.49163979248968404,0.7220403363993663,3,4,3,4,1,1,0.47962790544258277
0.3467265887890147,1,0.9554481251398557,0.27592551597398374,2,2,3,5,3,0,0.12958511572370304
0.3058876859900221,1,0.621044583007797,0.8662611121608857,0,1,5,2,0,0,0.2568507549641397
0.34036450835812215,1,0.5322802064068574,0.5997607725952484,4,2,3,2,2,0,0.2173083953966186
0.3605198098913982,11,0.8648465356224855,0.548308095436909,1,3,1,3,3,0,0.4751289774752555
0.17955247028173507,2,0.5275041622829428,0.9612417622624393,3,3,0,4,3,0,0.21950656839445995
0.48579922587467195,4,0.47932816474197504,0.2822506137441574,4,2,2,3,2,0,0.28955658145179974
0.28379748206435906,9,0.0430772009728001,0.9569562222779888,7,2,3,3,2,0,0.47493702740884247
0.37140892413333354,7,0.9471435069056839,0.1417482727056707,3,5,3,3,6,0,0.44600976278490706
0.32630814949153814,2,0.1354683476825722,0.8027644833357918,9,4,3,1,3,0,0.21613676077289198
0.21021102420961318,2,0.4164105679102298,0.03906056453896256,2,4,0,3,2,0,0.21988362474705367
0.35624475155830676,0,0.051316739446928716,0.6309826039601738,0,4,4,2,5,0,0.268967361300722
0.58125723372799,1,0.5331284514121614,0.6047152637381258,4,2,6,3,5,0,0.3013182813287783
0.2167160951834073,1,0.17290688676598964,0.40030838661640367,5,2,2,2,6,0,0.18241382864969247
0.6104094363307805,2,0.5916536129653222,0.9754278389717151,2,3,2,2,1,0,0.39555630224747823
0.24765730935901398,2,0.8977410794041945,0.9733620720122033,7,1,3,3,5,0,0.32155537835841125
0.22758381000385675,7,0.10124018969176296,0.8483562275931433,3,2,3,1,2,0,0.466035068612216
0.20742908053887446,3,0.39826565307275685,0.3838991259064949,6,3,2,1,2,0,0.2099424201395369
0.09296442469838703,6,0.921788856719394,0.9736344427129663,6,4,0,1,2,0,0.2852170060700688
0.2873362416609456,2,0.0489124675927094,0.03799721355428931,1,6,1,2,3,0,0.21119681602293996
0.34155112757122225,4,0.2650977677487153,0.6196734063206674,3,2,5,2,2,0,0.28594468759120945
0.24332243825484262,0,0.26186896641514334,0.44312216166542706,3,3,0,1,4,0,0.26090585019706813
0.11623747394410862,10,0.8659486764500446,0.56766418882732,0,2,3,1,1,0,0.3781246001007498
0.23943367155420114,0,0.5157829058689994,0.6175447736920056,1,1,2,0,2,0,0.3205034020618977
0.21944744335584107,11,0.9014529368306857,0.9609413812051761,2,2,3,2,1,0,0.43268927276940444
0.27176936292336956,1,0.8984558239646585,0.40624755420732284,1,4,2,3,3,0,0.2045073758862013
0.36362387721015094,3,0.7141429173370579,0.2477923920078815,3,1,2,3,4,0,0.22291741716878044
0.3699904917548457,8,0.27745123941660044,0.3730075103863909,4,3,2,1,6,0,0.3065646009493242
0.2819133536577153,0,0.8107052445818924,0.23646735007593522,3,4,2,2,1,0,0.19646010558241253
0.07197561052262343,0,0.16461167863624981,0.21218726490677375,3,1,3,2,1,0,0.05867146620570242
0.431596691377975,1,0.5433575590561672,0.8189434448989453,3,3,3,2,5,0,0.4044198555800164
0.2450835036983467,0,0.9258563297820355,0.6676031200825928,3,5,2,3,1,0,0.35511628978660503
0.12589127310389114,1,0.9385912052876343,0.900003823558842,2,1,2,2,3,0,0.055176551161078814
0.08705969555850768,0,0.7203085457599162,0.5728978546813002,3,2,4,6,2,0,0.3456763017629202
0.3167294714106867,2,0.000862906593693813,0.8619615381484713,5,2,3,4,4,0,0.28921957493340794
0.11282630545874282,2,0.5442050102582598,0.36303814294098236,2,3,1,2,1,0,0.1639162474121668
0.2934293970674484,5,0.947698041935462,0.504532483043304,1,2,2,3,3,0,0.2757850091035754
0.23966554060219994,0,0.8641174747745657,0.7763302798010076,4,2,3,5,3,0,0.2056748337616328
0.3176008364161349,1,0.03155492577238572,0.40575335859162065,3,4,8,2,5,0,0.1814304504428678
0.34501710155487747,6,0.1762384200870828,0.7179032261980784,6,4,2,6,4,0,0.36189875967902585
0.5120730588519642,4,0.2868679058595298,0.7971935458341158,4,1,4,2,1,0,0.389136893514641
0.42507678577152913,14,0.4920139098931786,0.2963216453181815,5,4,3,3,4,1,0.502034366575991
0.251844374612045,2,0.8324576300393809,0.9003894076377058,3,4,2,2,2,0,0.1955266014998305
0.230577747884667,3,0.7557104760810333,0.6499719765249798,2,3,2,2,2,0,0.3366145204252825
0.28699444338503266,0,0.7030635025173565,0.8538576628364545,5,4,3,1,3,0,0.19756767094784772
0.2251854212578081,4,0.5705320269883202,0.46258341134843806,1,3,0,5,7,0,0.16398597300648124
0.21036664961918108,0,0.9291395203642143,0.05481437480895379,3,3,6,3,2,0,0.273727186239628
0.17019146032174304,1,0.538533151114884,0.6334548384097406,2,8,7,3,7,0,0.23844766640403325
0.20921891644257073,11,0.3246889098314961,0.05803506393025226,5,3,4,2,7,0,0.46781765012594817
0.04283581868067522,10,0.5442757689158977,0.5265766452749012,0,4,3,2,1,0,0.3922122072468586
0.4873989195729286,4,0.18564189202886272,0.6707600757833192,2,4,5,4,0,0,0.2665768980413387
0.10744983053000476,2,0.5385376920166272,0.6022654116344069,3,2,3,1,5,0,0.1899004207271216
0.5768967724092907,3,0.9489870809300597,0.13418829014397682,1,4,7,5,1,0,0.4469304794090436
0.10917091238310957,0,0.0994366598385027,0.2417937663386538,1,1,3,2,0,0,0.11600440859263925
0.17636905419187385,10,0.04399343522284804,0.6838320775596559,2,5,3,3,5,0,0.36989005640431183
0.25307485449487244,10,0.245340902756655,0.5637547214236003,1,1,1,4,2,1,0.6062603782616766
0.2762992298053422,0,0.4685378852929236,0.19689790254463468,1,1,3,0,4,0,0.1671697278167123
0.5564884538514654,17,0.20915272243251426,0.7987919720103279,7,2,1,3,8,1,0.6054304095244963
0.3225920008942973,1,0.0068898651804409905,0.017051783603279858,5,3,1,8,3,0,0.22311277119207065
0.09028025140160506,1,0.13100794342057576,0.48187762068387285,4,3,2,4,2,0,0.09525666963417326
0.4249018846840407,7,0.5565813725458633,0.3438180852864876,3,7,3,2,6,0,0.422525427368477
0.06433566697610833,2,0.2918645419400133,0.41122258270041456,2,1,2,1,1,0,0.08358464142399204
0.19877028956550216,1,0.9163864817559866,0.6878890302396313,8,3,2,0,4,0,0.2191705025862343
0.27933384063741945,0,0.583568216716529,0.6309524272372253,4,4,2,4,2,0,0.15106656647404734
0.43022972933211995,6,0.99379739771664,0.21596944170706667,4,8,5,2,3,0,0.42581241914613327
0.028640835865185867,1,0.41123906436727564,0.5019427673116479,5,3,2,4,2,0,0.20516913205643025
0.19854843131208844,1,0.21301446749901687,0.1479797821769221,1,5,4,2,1,0,0.31807342696355817
0.3516084540623541,0,0.7293433020942863,0.7207339211312396,1,4,7,7,1,0,0.2355020814458404
0.27912814078555914,2,0.6505669809450736,0.4416249820993047,1,3,4,2,2,0,0.2809087348907919
0.30302391827413455,1,0.6950462730139101,0.12968937511469525,2,2,0,3,4,0,0.24554020916960856
0.16857858989881588,3,0.5320236498586259,0.5801856110065952,4,3,3,6,2,0,0.21208808180189861
0.466639935868753,1,0.7956311203245907,0.5217634888881466,2,3,3,2,2,0,0.28126471068708747
0.2852356814828373,17,0.19304099605553204,0.21538028421928412,2,2,3,3,2,1,0.6997964240946891
0.4140806455234353,18,0.9144663392332321,0.2972164827144793,3,3,5,3,2,1,0.6131335398702051
0.2703336907093972,0,0.47605556112186465,0.6856259964129021,0,4,3,6,1,0,0.04233762384036995
0.1449712776737564,4,0.8100749884995427,0.7720511411840122,2,2,3,2,3,0,0.24729107016349092
0.44597082476280264,2,0.7742320943321369,0.9838131417394541,1,5,3,2,2,0,0.21108475644581914
0.29183474304476376,4,0.7390188651454973,0.9447996324302818,3,4,4,2,2,0,0.24741984463796474
0.5386175963548754,6,0.9499744252460638,0.012328534130584545,6,5,3,5,2,0,0.2947606787927951
0.2260107359187425,0,0.7600566963065788,0.43622791054826315,4,3,10,6,1,0,0.20331721620818538
0.14225163463376148,10,0.6556755091956097,0.13039645583449477,3,2,4,4,3,0,0.3986532765285379
0.35857422619745033,0,0.5996231922292624,0.8506232914007265,4,3,4,2,1,0,0.23649323434285063
0.2737906574377904,3,0.3609697964499011,0.903910383540221,2,2,5,1,4,0,0.23794335534373554
0.5474963650544082,1,0.7106880307501291,0.1471300543482179,1,4,2,8,2,0,0.37859780221094497
0.2131030368949306,20,0.9093489831132239,0.6484080700249283,2,2,4,4,2,1,0.6137924144076158
0.09396715535614358,5,0.02988173836198893,0.07406602515222083,1,2,4,2,2,0,0.1576108056558578
0.4675014719649515,7,0.5491752593822767,0.004885414377712949,2,3,6,0,0,0,0.36349626459950485
0.1452008732323508,2,0.4646401618352518,0.5131959729806573,0,9,2,2,1,0,0.19780039874212244
0.12823696413910263,11,0.7687974066932887,0.3241155480029716,2,4,3,1,5,0,0.4359997109333652
0.45840179810643844,0,0.3045735410317374,0.7726021476187638,3,1,7,3,2,0,0.2956411372515276
0.49337100578803383,6,0.23685309898937967,0.4809468988266292,4,3,2,2,2,0,0.42600002108847596
0.19537343898119916,2,0.8525991040156156,0.4620652719837637,6,4,3,0,5,0,0.26008987209241596
0.10516741560010444,5,0.8165671206520683,0.9450942515753261,5,5,5,4,1,0,0.2874220678804673
0.136252766187754,2,0.22790463706899278,0.00864638645871929,1,6,3,1,1,0,0.1296661367357428
0.10288444683350315,4,0.9744498776513185,0.7352767670127649,5,1,4,1,1,0,0.09693102142309068
0.16681629436032003,4,0.15528734266637167,0.9904732243722595,2,1,5,3,1,0,0.1318192931135509
0.347980865445201,6,0.7159832480204728,0.7710480857661811,2,2,1,3,4,0,0.3638062620070888
0.24074169650261043,5,0.12139351145233424,0.2537462041535514,5,6,0,1,5,0,0.3402978760860077
0.12033957313092937,11,0.06787315663387217,0.8322336584095761,5,2,1,5,3,0,0.3779489475933977
0.22323630977961817,3,0.13927967917429362,0.40681737779189786,3,1,2,1,3,0,0.21856966461110244
0.12342505667220223,1,0.08476449941155972,0.3397094435718059,1,3,2,5,2,0,0.2203815645070437
0.05232892695864717,0,0.28786659975547924,0.8118422825590278,1,5,3,3,2,0,0.09446035107046527
0.06638437570603459,2,0.3080692923726328,0.964460648292862,3,0,3,5,1,0,0.18416944886774553
0.32623645844216237,0,0.2619890562531123,0.7924615420854236,3,2,5,2,6,0,0.23885399366113605
0.29965400889751553,2,0.3323370525181071,0.9037150214537716,3,2,0,2,6,0,0.23254516637227934
0.3525907126772295,8,0.9104653459381985,0.2413091981829697,0,1,4,1,8,1,0.47810108776839033
0.18306106397556637,7,0.8586871375594008,0.8226524316221525,4,3,4,4,3,0,0.2029678503320659
0.17089702884000635,8,0.2618699403880935,0.6697700682012692,5,1,1,5,8,0,0.2773015236304604
0.1570738337660219,4,0.025945323814114962,0.3341664616409199,3,4,1,6,4,0,0.16279291988977374
0.5790798266979964,13,0.8346193485863138,0.4667993908505208,2,0,5,0,2,1,0.49791859211949
0.5328494412723774,3,0.1404861756872815,0.03539150991757256,1,3,0,2,2,0,0.3214984513542354
0.7015025133475977,1,0.9753019145875284,0.9814034107867748,7,4,2,1,3,0,0.3827655253568287
0.6025227506984161,0,0.8682849620323009,0.8486928233799566,3,4,4,2,4,0,0.20653205766870236
0.025874145259403004,2,0.306442392931652,0.9066796791679141,2,2,5,3,1,0,0.22410343028117707
0.06485902516385254,3,0.43202117634420445,0.09209958234380933,3,4,7,2,5,0,0.20858834696163386
0.372811988107132,11,0.5043368869562819,0.0032683545930710656,5,3,2,3,6,1,0.4966522599803069
0.20528615042060236,0,0.8698069976448914,0.9266426950077037,6,1,3,6,3,0,0.3707176323224099
0.23791788457686006,1,0.030761404745222487,0.7226047255094744,1,2,4,3,4,0,0.0792974610328758
0.06717936236180769,1,0.4176081402471872,0.36767427123523666,7,5,3,3,1,0,0.1766935775993575
0.23546226307685958,0,0.11044035271980512,0.16112739358620098,2,2,3,4,7,0,0.2802114957400951
0.36141842134032603,3,0.7738731423804405,0.10920120936538169,3,4,1,9,5,0,0.33522710344825296
0.45130088665352647,2,0.052944029439111584,0.3699746839871171,6,2,4,5,4,0,0.12877138817602726
0.23196215682287336,5,0.7222109610247952,0.9197664670844283,2,5,3,7,5,0,0.290716022110166
0.12650454478541046,1,0.7891157057200866,0.9460424872618793,4,4,3,2,1,0,0.26604191152093004
0.11683521475138431,0,0.24409528394106395,0.3890125089497656,3,2,3,0,3,0,0.0345039697017927
0.46617444537238545,0,0.8167547630041523,0.9898085392030401,3,1,1,4,2,0,0.2152935498081936
0.1322755850493557,1,0.3036970758950066,0.9510788555836339,2,2,5,2,4,0,0.15606665570714714
0.20772423602869597,1,0.371360106043064,0.46581521886376254,1,3,2,4,4,0,0.19712992315724057
0.08079417601186806,5,0.32173111318478576,0.7941155191783377,5,3,4,3,2,0,0.3368247656273534
0.14037554814082548,3,0.7510643433565469,0.3698161649911448,1,2,4,1,6,0,0.15286759249645826
0.09684037362025442,3,0.8332959837939319,0.4905940899380834,4,2,2,9,2,0,0.44210613779379804
0.20696132332109923,7,0.5742781501522567,0.18054931803609497,6,1,0,2,5,0,0.45877078450699293
0.18554456678097425,5,0.5340376720715824,0.925028349304875,4,4,1,3,2,0,0.37905188545477997
0.09750237658854852,16,0.9818879235895271,0.4410061628965507,3,4,3,4,5,1,0.4837446433715005
0.42744722735348667,3,0.3113931792750759,0.7067160770366184,4,4,2,2,0,0,0.24803650101462651
0.19323664509260421,2,0.7975010339870595,0.4785287745603367,3,2,7,2,4,0,0.1492016771708702
0.09161305256207895,1,0.2328633955843391,0.6030274188643141,2,2,2,5,3,0,0.1919394111321303
0.028398015521808498,2,0.4736604031172742,0.9840635277940486,2,3,1,3,4,0,0.26397532658750944
0.21909299571390548,5,0.38740510177139964,0.6709413587448633,1,1,2,2,3,0,0.38900052981185523
0.27577335405914977,8,0.1762531524521166,0.5597208480585704,2,5,1,7,5,0,0.3671861048238583
0.4322130005989172,1,0.13923370926270362,0.10520438007335564,7,2,3,1,1,0,0.30780841781976576
0.3565450589582315,1,0.6529843444133252,0.9057902352086498,2,0,4,2,4,0,0.2717357924788478
0.4686347692011123,1,0.728601290329058,0.36917640343217295,1,3,4,5,2,0,0.1661447647223187
0.1378231992839817,0,0.014757578822253148,0.95179782194671,3,4,1,2,2,0,0.20980042586609415
0.2518374340997656,5,0.48391292624659354,0.5450363186921957,0,2,6,3,3,0,0.31829693971745876
0.2573403101320407,4,0.6105842259219145,0.00410561932383624,2,4,3,5,1,0,0.3459640853629063
0.13529480116980674,14,0.4996593443014219,0.4996265988408166,4,3,5,3,4,1,0.5836772140307361
0.18926591103049512,3,0.3747208599860652,0.5993701520671506,7,2,2,3,3,0,0.15761707393704255
0.11606508285323029,5,0.12059146794334641,0.872964658787971,2,1,2,1,4,0,0.16973166683219862
0.28284360805495784,0,0.18764123121705734,0.7606347334965726,3,4,0,4,8,0,0.21748539976509748
0.4101501069592725,2,0.05210445869523661,0.45954199150003927,3,2,3,5,4,0,0.4020434098932366
0.23311814301256487,1,0.12246027570807738,0.7185529671144244,3,4,1,1,0,0,0.06382129334301725
0.5168454430919941,4,0.8706401771829969,0.3255254307538953,5,5,1,2,4,0,0.37459594639256544
0.16548520027686697,0,0.11953600903772332,0.15843363304193459,2,1,5,5,3,0,0.3438381198503781
0.08342482752101293,11,0.24070467042016463,0.7428364649214523,3,0,4,6,3,0,0.4682433846997971
0.09627486378364268,0,0.3658806133498682,0.8478633734123864,2,5,2,2,2,0,0.11194232169136074
0.1958731991258302,9,0.3061970121156825,0.34998980031195837,2,1,2,6,3,0,0.3847468941034181
0.10520499022784185,2,0.18839168260440042,0.4160902079034702,3,2,3,4,7,0,0.08737879464867708
0.41821773021534986,0,0.037376019341006206,0.03936108348686729,2,3,3,4,3,0,0.32874265209776315
0.4207979740266506,8,0.23357510882487043,0.7163223770531402,5,1,5,2,6,0,0.4138949936117373
0.1355987033792448,0,0.5229530412898047,0.8274472195171991,5,0,1,7,3,0,0.13172451638275387
0.5007439453144557,6,0.018112100433243628,0.8891345268870259,3,8,0,5,2,0,0.43279594768588114
0.19965344191488776,4,0.3181313338713293,0.4581838152896093,3,1,3,2,3,0,0.3057706841716706
0.22137641186222207,0,0.4707044185245204,0.7749453715506968,1,2,2,3,2,0,0.2504162322207078
0.08122462061231663,3,0.5538758021256304,0.31085793341452217,3,2,3,2,1,0,0.2146223734111978
0.17931547626533206,1,0.22662523635267406,0.27355396467185955,2,4,3,2,1,0,0.17857283769095347
0.33119326621805495,3,0.22183662126253745,0.8900276028481001,1,1,6,4,2,0,0.23323635012620728
0.38611133930061026,9,0.11216087636435212,0.5965073958766601,6,6,1,1,2,0,0.44408004852114685
0.25448592706445733,0,0.5204707895480624,0.4695541226278239,1,3,3,0,3,0,0.2542897418959736
0.23499943308251628,8,0.4726239148777148,0.012430126021239496,3,3,3,3,1,0,0.2795859012303771
0.40105154944463534,7,0.8922916677307008,0.05034430481583807,1,2,3,2,2,0,0.231859240992018
0.1520316253649013,2,0.7107950306411686,0.4963005398204918,1,1,7,3,1,0,0.11544095402510737
0.10327097087852581,4,0.8445688187222183,0.9798665869394746,2,2,4,4,1,0,0.3258143581332657
0.21947672703610746,4,0.08110326795325673,0.011822314413965085,1,0,4,1,4,0,0.27386955007248737
0.31155189332487226,0,0.35635839341908415,0.7681628278509799,3,5,2,8,6,0,0.14099844784919285
0.19156728842572826,3,0.17921839718067922,0.9970408735875429,1,3,3,0,0,0,0.27397441252116705
0.20838842571741625,1,0.4639718370421191,0.06321080386245348,5,2,3,5,4,0,0.2885486666317531
0.22579738269232136,9,0.14819430401941547,0.3332361404108817,2,6,2,4,4,0,0.39227599250352624
0.5405698461433225,16,0.6708595408849631,0.1896709739643202,5,3,2,1,7,1,0.6055357234594771
0.13278681796710154,6,0.9806413482782043,0.924837803917083,1,8,4,4,2,0,0.29930660333822146
0.363251956044038,0,0.23876602679011405,0.07451361043844684,6,4,0,3,2,0,0.10955482663868849
0.12117955294673256,2,0.9498825054848086,0.13375004860210293,3,3,3,4,7,0,0.22187519570338426
0.16248122623754668,1,0.6248973468340456,0.04336768766906829,2,3,1,1,2,0,0.21518934590010763
0.7337510120405295,2,0.07297452657701509,0.9508019723640408,6,4,2,1,6,0,0.28463445006022114
0.06838050024456488,9,0.5203153472369023,0.5896701737264408,4,4,5,2,6,0,0.35834326294080865
0.24771100914397431,5,0.6814882461034403,0.1919829505931755,3,5,2,7,4,0,0.3408401230649727
0.2979094756402321,0,0.05370282332275045,0.5932559895763586,4,4,1,4,4,0,0.3475909636758393
0.0842169730289347,3,0.23517065229058254,0.8489232375112821,2,4,0,4,3,0,0.2780420978358818
0.23065944288984674,3,0.8417300759422593,0.843909696390759,3,2,5,1,3,0,0.26532874333571654
0.4094641310709283,2,0.9329518531796189,0.846607601805484,1,2,3,2,5,0,0.3237093082853209
0.40624484796023286,2,0.5595237310577675,0.10120421895664189,2,5,1,4,3,0,0.32387383386856045
0.5314421057681101,3,0.5268912611078013,0.63963120040683,2,2,4,3,0,0,0.2909158281861178
0.24001869958701014,3,0.9060008378217399,0.9998003890891306,8,3,2,6,3,0,0.283063851845227
0.20448561389476408,1,0.6547058145659739,0.5193945787146819,3,4,3,3,4,0,0.12616154554686204
0.391333926885617,5,0.6790521097123307,0.2683086588567869,2,3,1,2,2,0,0.29505062522771225
0.14006127055243678,0,0.9930531635911983,0.9619601836375569,4,5,2,2,1,0,0.19279032028112594
0.2834264119595612,0,0.1846158354565045,0.7167527620118652,3,3,4,4,3,0,0.22499364510049338
0.42000268051220296,6,0.42808491088952016,0.8046441010949185,6,4,1,0,5,0,0.39018744951213297
0.1665497827948199,4,0.3020823321346463,0.8191718270478274,2,8,2,7,3,0,0.24390163779019583
0.12068937686283286,7,0.8799946320309996,0.5609793137951441,2,1,3,4,5,0,0.25998318503458406
0.3230530451850495,1,0.039677775181829356,0.7625187733072222,4,4,4,5,5,0,0.27791505105164493
0.7119413761586498,0,0.6250571682739523,0.7233559637413878,4,0,6,3,3,0,0.20960247743594132
0.01127872505974886,1,0.8142296632809288,0.1422426161913396,6,2,1,6,4,0,0.2532352237557221
0.5190532783356031,1,0.14804445293836355,0.16062408246361493,3,3,3,3,1,0,0.3590301712087621
0.31059634498238614,1,0.2712589480760298,0.2766022627873008,1,1,3,1,4,0,0.24637734295737257
0.4994183310819964,4,0.29075584688231804,0.7766308247226632,0,3,3,3,1,0,0.4031102881097839
0.24221940178783197,8,0.5362399164465468,0.7074868618997806,1,4,3,3,5,0,0.3308928358461969
0.24334491015860882,5,0.06333019934325923,0.18897483202032694,6,6,2,3,2,0,0.26263149918172607
0.07405307359233214,2,0.4581326166073356,0.26433593384241283,3,2,3,4,2,0,0.07779056530575065
0.18503131909149825,11,0.5841513672299368,0.1601784813014817,6,4,4,1,3,0,0.46937705054232737
0.2305436444165937,7,0.012525954727870325,0.19457159433527682,1,5,3,4,1,0,0.4279993665024539
0.1349340756662599,18,0.7578559819826691,0.8874180139873312,3,3,4,2,5,1,0.603344059625547
0.28282134902171097,2,0.05680712504109886,0.7496104076926666,2,5,3,2,2,0,0.21122217707988897
0.1845987959023051,33,0.02763958134005673,0.6407950328129736,4,3,2,0,5,1,0.8146805362738484
0.2822519524208861,2,0.5920373814377694,0.7461998032892448,7,3,2,9,5,0,0.18862690688480205
0.11499416239111696,0,0.8600168767293629,0.5629765430790962,3,3,4,2,6,0,0.178148793590523
0.10628592604457612,16,0.24318342647596036,0.6255592332649413,3,2,1,3,7,1,0.5399641888833286
0.3372792229771989,12,0.6916611814543422,0.46085867678512404,3,2,4,2,1,1,0.5425048305725382
0.5444936046990421,2,0.07582977666829882,0.8484245362511272,2,4,4,3,1,0,0.3076131133511995
0.26054095016733786,2,0.45713214409149094,0.27565974593126774,6,2,2,3,6,0,0.2027469118400321
0.17986757117434835,8,0.8632861318432093,0.9342617483146388,6,4,2,4,2,0,0.23457118977765926
0.5770026808151344,8,0.72646637437443,0.8611548112577484,2,4,2,2,2,0,0.38486202655637686
0.2828664126536684,3,0.8607085113751249,0.23808371175756915,2,3,5,4,1,0,0.4132591001543062
0.12964608605569217,0,0.4799360670539612,0.8506225605212188,5,3,2,2,4,0,0.1152754753611578
0.45832319579317804,13,0.9719819874739132,0.3038252143501313,1,3,5,5,2,1,0.47658216751465543
0.3989212749880815,4,0.840158494890787,0.3784547067243915,1,4,2,8,4,0,0.2456853282797485
0.4591570056680968,6,0.2810567797844966,0.7487840395040254,3,1,2,2,5,0,0.3801615095287613
0.19738582080482714,9,0.8267683304117287,0.08765463238536308,1,2,1,1,4,0,0.33822823029747984
0.32592545719158594,4,0.647170656830489,0.3872237153407483,3,5,0,4,2,0,0.35355889843463845
0.5917286944695801,1,0.9641977227451778,0.7775239923063044,2,3,4,6,2,0,0.3946652325313819
0.19839448660321318,0,0.6272551995973014,0.9299638752587126,3,2,1,0,3,0,0.2240351166286141
0.5509143609234922,0,0.3141399853834076,0.36307554535854236,2,4,1,5,7,0,0.14349899891592963
0.2837873000381002,2,0.5810168942694331,0.3182758940166519,2,2,4,3,0,0,0.11522028586462912
0.27909168176209087,0,0.7557924570035879,0.744732916404921,1,5,1,0,3,0,0.16241342231593847
0.6183902297118272,9,0.7898736359372314,0.8400582962230325,2,2,4,1,7,1,0.5196094136535788
0.4326885569449241,0,0.6212083475463454,0.7389253082292856,2,4,2,0,0,0,0.14519446852500612
0.04119639673621563,0,0.4068140744924771,0.8487623981137518,5,3,1,4,1,0,0.14106925091924313
0.5819049533192683,0,0.5921354273980882,0.9589052350888078,6,1,1,1,6,0,0.14181279772780497
0.06832343779221095,9,0.20305244270309586,0.07953916682262718,3,3,0,2,0,0,0.46917320019184694
0.14519595434890284,15,0.972517110420885,0.15663304659789556,3,4,1,4,4,1,0.5050299594213445
0.15154517180241908,1,0.4908987063821828,0.5180789107860492,2,2,0,2,7,0,0.06792419124084424
0.4673357306448462,2,0.3509794753813268,0.5564128336650687,2,4,1,6,3,0,0.4230017168637904
0.31407052909083377,4,0.9119585258150232,0.0028036344415847125,5,7,3,1,3,0,0.30320991887926185
0.1565767270673447,12,0.8041147990519019,0.2412830241520567,2,3,1,3,1,0,0.34859705465127305
0.30690361902534974,1,0.2809275867458628,0.5697891346409445,3,6,6,2,1,0,0.19329857671227682
0.5778964583559144,3,0.6673031251286935,0.3745574432687372,4,5,5,4,2,0,0.3178726083681755
0.2628984677858465,1,0.5734284097805403,0.1510712798624818,6,6,5,7,5,0,0.1632755268369452
0.11761890335113767,3,0.654134999072325,0.010013282777905808,1,5,1,2,3,0,0.2393921705954219
0.21546224222359714,1,0.17586518362483328,0.7898030984824924,4,3,1,5,4,0,0.1893001878992222
0.42044620133874566,0,0.6312620744232424,0.19626918551305572,3,3,1,1,5,0,0.17421555779172587
0.17822475044318697,1,0.6379105310314106,0.1085973161339141,1,1,7,1,3,0,0.19223595242971564
0.34931268988642705,0,0.2811900903641543,0.8101523662034332,3,3,1,1,4,0,0.3269173774718731
0.046958469181314355,10,0.9491414572744709,0.5135370031664924,1,3,3,3,2,0,0.3608853801537281
0.10334276609607175,12,0.963963061300757,0.3222507628733695,4,0,1,2,1,0,0.34375279795623515
0.31942292435620967,1,0.902478969616468,0.5031092949392286,1,8,4,3,3,0,0.18488099363758076
0.18030093890046076,3,0.8869368124021811,0.5125929860105547,3,6,1,5,4,0,0.36033272573971703
0.450445347421792,4,0.6754278762332668,0.04037132830302004,3,5,3,2,5,0,0.372494638512967
0.05156815861264469,0,0.8634536718622462,0.3830692760511968,3,2,1,2,1,0,0.05840671781321329
0.5567570794968221,3,0.324964784634181,0.6478251885187049,5,1,0,2,3,0,0.4696810404309889
0.5467419288108093,1,0.4254911983701978,0.8730780405416896,4,1,3,3,0,0,0.33830245293288697
0.5490556692230685,11,0.7981697036468192,0.11464035350709767,3,1,1,3,3,1,0.6098147371205463
0.3546865559152789,2,0.6871193008396339,0.06789343206473175,2,4,4,0,3,0,0.30662952114675435
0.22659723451987637,6,0.48536530077319473,0.98871073460688,3,1,4,1,5,0,0.3070301953486937
0.07205191384872227,3,0.036777916470471905,0.7904977143722736,2,2,0,5,4,0,0.04099428337781425
0.36718678727469656,9,0.47593812311098227,0.20702023400509106,3,1,2,4,5,0,0.41877032558653854
0.29688145762763635,0,0.2338985047934522,0.9903019471961054,6,3,3,5,1,0,0.25384206404538256
0.07913225515502849,4,0.715860634654852,0.08216158414414831,3,4,0,3,4,0,0.16871975850002607
0.12935272174790585,7,0.7172111508857897,0.9098860090001629,1,0,3,5,3,0,0.3489988055409402
0.43545223324113475,1,0.5816981283671111,0.2026679960931892,3,2,3,3,9,0,0.28510502095848256
0.30444860125544637,12,0.8376064531401585,0.5718986806390314,3,2,3,6,5,0,0.3782901839253084
0.2537416043460661,20,0.6004497044982956,0.15878344514386789,4,3,4,8,4,0,0.42503385266155164
0.28729982215583394,0,0.4542205301821417,0.23058832750169678,1,4,5,4,4,0,0.18380660219214842
0.38232831857070115,0,0.14113600822860484,0.2733678548792381,3,1,3,2,6,0,0.038758130723661105
0.11065994009914083,0,0.1678559804960298,0.553627861749837,4,3,2,1,5,0,0.16434023765836456
0.13769111680101614,2,0.1265069253890243,0.6378732188610541,2,2,2,2,1,0,0.23951578087627493
0.3084778584429179,0,0.38262867442994464,0.6717059149703327,0,3,3,5,3,0,0.2220780419644375
0.41610231250563906,4,0.7386352637642929,0.32124076610904195,4,2,3,3,2,0,0.3606852510184943
0.2956606287564812,3,0.36905821590416377,0.6468767039876279,3,0,4,1,3,0,0.3517256662495348
0.27104394989690117,3,0.8417101453101544,0.2219873075562362,3,2,2,1,2,0,0.23334118800826112
0.2966220402560642,11,0.5114554493528397,0.24592139209032715,3,3,6,2,3,0,0.40588397328981823
0.038733982058224495,4,0.8480719290415304,0.9826143100080404,1,2,3,1,5,0,0.3393956934067904
0.40060508025140823,5,0.8637573065401511,0.17401575319161222,2,5,5,0,4,0,0.3356179931539942
0.2646298323272541,7,0.21235887963692446,0.7188222460807154,2,1,2,2,5,0,0.24032908735371758
0.5419043583848355,6,0.8236562539573227,0.24462817672443493,4,4,1,5,3,0,0.29754310874685835
0.31839211502944614,1,0.9904848458540276,0.9766057645669085,2,3,3,2,4,0,0.20104058951123518
0.6309981086073831,0,0.6732756083665621,0.3754862445220126,1,2,4,2,4,0,0.32859333824016274
0.09748938292741852,5,0.1649199038152498,0.9205753700583402,4,5,4,3,5,0,0.23245699662387875
0.4437778263922335,2,0.8866861623761996,0.4918024901911642,0,4,2,4,4,0,0.2423098326181541
0.23713041037128132,2,0.5256220388689637,0.38940089694729874,2,5,3,3,3,0,0.20934042439025122
0.4021776814824298,0,0.3560009004058353,0.24399815396356295,4,0,4,2,3,0,0.12291681486917888
0.05194037401145722,1,0.6996052507379883,0.15849354366155965,3,1,3,4,1,0,0.1339780234566344
0.5023599086473118,1,0.2729010667204482,0.8812882848903164,3,3,2,2,4,0,0.3059299665182467
0.4646659046856071,6,0.46903267932643655,0.20152326352752348,2,2,1,5,3,0,0.45770385308496125
0.08866720986107635,3,0.3232228958374891,0.8742911955751237,1,3,4,4,5,0,0.16140613939798382
0.47938741348603864,0,0.5089957710197174,0.867580951408931,2,5,4,3,3,0,0.27610550408403645
0.03613175158765314,6,0.8799748488925502,0.4290126672025001,2,1,2,3,0,0,0.22187480461348516
0.307106545615528,16,0.5345508083182272,0.010867751981245344,4,2,2,5,2,1,0.505541281131964
0.13771660315249493,9,0.21522306324122364,0.7550600128052883,4,3,4,4,3,0,0.32078139480292167
0.3020236312005767,7,0.9521503263027778,0.7870366013772571,5,1,7,1,2,1,0.5108514834126967
0.17748821332003725,4,0.38629682765473694,0.2736688697097528,1,4,6,4,6,0,0.2641643493048425
0.1852673177532733,0,0.6298595962608368,0.9832285983837407,2,1,2,3,1,0,0.05092291148875791
0.2843924514986556,6,0.9844634508052171,0.692540284080655,2,5,2,4,2,0,0.3165646842920284
0.28881167710438704,0,0.5335826156151824,0.702957062449431,3,7,1,8,9,0,0.1387176331024032
0.19666668001783222,1,0.2713665691083894,0.5553446865196517,2,5,2,1,5,0,0.1965290845153071
0.2709083007148808,1,0.6733391472069942,0.3525857271860596,2,2,4,5,5,0,0.21957061125996585
0.4283028340624788,9,0.9421366781652007,0.017162266614882293,6,5,1,2,4,1,0.5217696054396675
0.3688062098653682,1,0.6688613228281811,0.335777737769794,2,4,1,2,4,0,0.31680874159403993
0.7329593854740611,2,0.9623182205368591,0.9151359481529375,5,2,6,5,2,0,0.4117446366088368
0.22164666224643043,1,0.45703726612971696,0.7143576721558511,4,6,2,5,1,0,0.17312235001604642
0.3804226908284154,5,0.047798072178111606,0.3810433596812016,4,1,7,3,1,0,0.3283239912028165
0.5607023139134361,0,0.0012519007406808225,0.9934039676592344,3,2,1,4,4,0,0.37123050529119034
0.713633105406016,0,0.1954851112074023,0.7676086454538711,3,3,3,2,2,0,0.43309314362436147
0.2728975451479034,2,0.7151996899679639,0.18822638702344985,4,3,2,5,4,0,0.2587024747652896
0.48966534062540945,5,0.0033815832076246055,0.006534147577644256,5,5,1,1,3,0,0.19106491388619976
0.1678513352939382,1,0.12890595613475564,0.574380987645332,3,5,3,3,4,0,0.0668445424658011
0.30824392947631185,2,0.48922930067463466,0.26347969993020526,2,3,2,2,5,0,0.34686386304910105
0.12076930711618243,0,0.34148958592442213,0.48680646344014833,1,2,4,1,4,0,0.08978535462123675
0.488807201994953,13,0.7649009741478506,0.15159005984900176,1,3,5,6,2,1,0.6569937085200162
0.39405440090843125,9,0.4246152331380241,0.15815065606519807,1,4,3,3,3,0,0.45083815885381034
0.4684945507386052,3,0.16900844176569818,0.17303508977426774,0,2,5,1,1,0,0.30186084291172116
0.420100444590854,7,0.9798805560970102,0.5626899624299931,3,5,1,3,0,1,0.5697164837890875
0.18592084606803322,1,0.25159826795671303,0.05832400256069503,4,1,5,5,2,0,0.21201118536461394
0.2004021054398907,2,0.9398835950888919,0.7159648363365576,3,6,0,5,1,0,0.2668636794250945
0.4940171365735393,6,0.7176023379800694,0.625016581835747,5,3,2,4,2,0,0.3276361623130228
0.12439337771610494,4,0.9108438474870164,0.7019761733388847,4,6,3,4,2,0,0.19644185591570576
0.22984934218051623,4,0.9931117663199631,0.7462072779989031,3,2,2,3,3,1,0.4813898630130862
0.1277008043729375,1,0.8442805435756293,0.41504320223074975,3,3,1,4,4,0,0.2986315364065083
0.0759140175161506,0,0.6993165020518579,0.7594967518429042,4,1,0,4,10,0,0.12543192556279417
0.08644828461651041,33,0.09217838881726803,0.4263950331597428,2,1,1,2,4,1,0.9411649332185009
0.2516391165823947,1,0.007836425232881528,0.05012865958372814,2,3,3,3,4,0,0.1237460744339474
0.13601181578936747,7,0.5693745214571054,0.19329193112911514,1,8,1,3,1,0,0.3180013649936224
0.20091606010314647,6,0.9407694310212812,0.1299497911210481,2,5,2,5,1,0,0.1529221801704171
0.17349671709005174,1,0.9541991154633914,0.3861749106872513,2,3,3,3,4,0,0.16580342468408013
0.23238000046505883,4,0.5775934392002346,0.26539983598143246,6,2,5,1,4,0,0.23469807861810324
0.4542715114403568,19,0.23431645064894213,0.9787585029212805,1,3,4,4,6,1,0.539598624536229
0.034107845465727246,1,0.7219784820443332,0.5472852571060642,2,4,4,4,5,0,0.2430474794695512
0.6854437981188213,4,0.9404177586631193,0.01322954278565569,3,4,4,2,1,1,0.47705192194280854
0.408598269606904,0,0.9663252788188315,0.8905464569277258,2,2,2,3,5,0,0.25856049543188697
0.17095822437287592,6,0.010050833316989194,0.20934632871784487,3,1,1,5,4,0,0.38590483680141063
0.05225044346777353,0,0.24308151022597668,0.19302170599689106,2,2,2,3,4,0,0.19133486077370251
0.02548629827226673,1,0.3711293750390595,0.30808840744610866,0,7,4,2,3,0,0.15228350559132958
0.2574656267875318,8,0.34945103536594513,0.007133165506133965,5,4,4,3,2,0,0.2387803551541593
0.20194152401839352,3,0.17937247826238845,0.9530001037799382,5,2,3,2,2,0,0.27193293546873776
0.3030049596397516,4,0.6009269995810569,0.669614884678678,3,2,1,5,3,1,0.4924708630822773
0.30261956192590656,7,0.5632980743426763,0.28269847476985066,2,1,3,2,10,0,0.31908026480032325
0.26703929157948375,7,0.7135410136559346,0.3939204396970306,5,3,1,2,2,0,0.14030296189573016
0.1767832921367898,4,0.28638658636185443,0.15865196710540508,2,1,0,4,5,0,0.17944943174202443
0.2698675790806278,11,0.2011939103265009,0.4284569074506108,6,2,3,3,6,1,0.4860576115584587
0.5606535092712104,3,0.8093775979009624,0.19102464815687104,4,1,4,2,3,0,0.2585899426545145
0.15789850709633305,0,0.3151964545266226,0.9892956834335636,2,4,5,2,0,0,0.33588416317135444
0.04192229082306407,3,0.21728300978952708,0.5780665118580915,1,7,3,3,2,0,0.13161476808904557
0.4770388677407179,4,0.7158640791848747,0.38902428738405137,4,1,4,5,3,0,0.4202975275834044
0.6107836318224796,5,0.20316029970790372,0.49339626479691656,5,4,0,3,1,0,0.326767493528452
0.4299539072498836,4,0.23261192468374114,0.039166071034752115,1,4,1,4,4,0,0.20711249664596804
0.707532975046476,1,0.4541627182886585,0.7689006077665567,1,1,4,2,2,0,0.12514290217410193
0.2754522897139061,0,0.11454787121781562,0.9073309970530097,4,5,6,3,3,0,0.1406999937335438
0.04075121855580347,15,0.2890063485152238,0.8091872874740003,3,2,2,2,0,0,0.4377073269207932
0.12449950436090002,4,0.9286194770446766,0.3871671209488715,6,3,7,6,4,0,0.23562811018450444
0.5390073253329308,0,0.355172655181634,0.7361117169542153,6,3,0,2,6,0,0.38804336580328136
0.19589974567506765,3,0.06247347831542449,0.33813720625517996,4,1,2,4,1,0,0.27474473515866177
0.21970541362678675,6,0.7972637018960037,0.1347498061955713,3,3,2,3,1,0,0.3317022360742699
0.2015674668727988,6,0.4015093079891382,0.7072411318359456,5,6,2,2,3,0,0.33468554896065367
0.4078949212126566,0,0.9767676058081635,0.8019281029875984,4,4,4,5,1,0,0.3056400821915811
0.09072957690519766,3,0.7010346051833373,0.7968057425738678,1,2,1,2,4,0,0.2234716410747229
0.17743541478897087,2,0.3328102830171136,0.7570537564862402,2,2,2,4,1,0,0.20142209833227984
0.18328289224160346,1,0.8910300612769124,0.20106859243617337,5,4,1,2,8,0,0.14612042237304768
0.053261483331286504,9,0.09335255995592617,0.3233568686100623,5,0,3,1,2,0,0.3460384941863626
0.09934947691989848,4,0.8583001241805432,0.7203034681038929,1,2,3,2,1,0,0.2021492601353621
0.339448369504226,4,0.45697418398956247,0.24071544127289946,5,1,3,6,8,0,0.2956919786920623
0.24299113998333882,3,0.5695753077949197,0.8877722434575609,3,5,5,1,1,0,0.23159901522354026
0.26100994614230805,1,0.9246679354803616,0.19698041864987204,1,1,1,5,6,0,0.27206127656021445
0.10466255980099845,4,0.9265881299497795,0.5189829805748581,2,3,3,3,1,0,0.22310053487296172
0.29185736809840973,3,0.020719309537665653,0.6750092113876439,5,0,5,1,3,0,0.2126379698589796
0.48243220272909393,0,0.446088773052399,0.8406681786248268,3,2,3,4,4,0,0.17925167324336036
0.28844304496812717,5,0.9233483967132179,0.5407627700191834,0,1,4,2,4,0,0.22126168433372806
0.21823469946765395,10,0.4245295030126024,0.02654061404808039,5,4,5,3,1,0,0.459239443972094
0.3280194566741948,12,0.09366151541673717,0.3523805336478427,3,4,6,1,4,0,0.350888859231349
0.06329324585987592,0,0.9090463755972176,0.4047408957689036,6,1,1,3,7,0,0.11561791090351223
0.7582026346393644,3,0.2596126052036104,0.40506204810924973,1,5,3,0,2,0,0.3430669497313309
0.37069319368227555,9,0.7117828473673695,0.42439995361796734,0,3,3,0,3,0,0.40358976436757193
0.4812797037518961,3,0.60798542991201,0.7199852404681975,5,3,3,2,4,0,0.3199459833491968
0.41089143043623694,4,0.6222333418573728,0.9352977240590393,1,4,2,5,1,0,0.35103823468495443
0.5122568639641567,9,0.9783154162788443,0.40252719789185476,4,5,4,1,4,0,0.43008207893794426
0.11284061540230157,11,0.6285842840085187,0.1255763219909204,4,5,5,2,2,0,0.40768859748783803
0.06426098174820159,2,0.526424254513054,0.5750157208210513,1,5,2,1,3,0,0.14352409980281475
0.1512546210573384,7,0.03222438402077332,0.07292551067928521,4,1,1,3,2,1,0.5028848123711839
0.3725463685026364,10,0.3759494116431906,0.10350379230480833,3,4,3,4,0,0,0.43501676557527375
0.24830338830165943,2,0.7303637433669281,0.025568842749180032,3,1,5,3,1,0,0.3364413594934283
0.2932328451305357,3,0.6862462042228182,0.3365076628776278,2,3,6,2,4,0,0.16501362895644534
0.1867885008408463,4,0.4503694609857366,0.8603420899332916,1,3,6,4,1,0,0.30164035165451336
0.5577305812859953,2,0.24741774950038997,0.21764291070331976,2,4,4,2,5,0,0.31320242649566654
0.5607052257465488,8,0.2957099901518303,0.7880990211062612,2,4,2,3,4,0,0.4298432302608725
0.35772652254685666,7,0.07088176740967667,0.9940615325736464,5,3,3,2,0,0,0.4001973837864719
0.3948173800496126,4,0.07408694106035996,0.7440533525438928,3,1,7,0,4,0,0.3004164867463654
0.548075388025556,7,0.7347008563922662,0.9628371045368853,5,6,3,0,3,0,0.42188470684182394
0.45085315097700024,0,0.6138761078105007,0.4826497072835605,1,4,1,2,1,0,0.24077759335593338
0.3509770640280832,3,0.7719738810321212,0.7580116674503528,4,1,2,4,3,0,0.18272206086294634
0.5126357734817094,0,0.7207158398165284,0.4610935918379063,4,4,3,5,3,0,0.3163066483248543
0.5683103789967213,0,0.8202014468958845,0.5612179635028102,6,4,1,1,2,0,0.36377393723696744
0.12911704080015954,11,0.4869877211539526,0.4752525394015419,1,5,2,1,2,0,0.37451038166417855
0.5698791087407631,6,0.2169889963423739,0.5578939248583785,0,3,3,0,2,0,0.4487466047324193
0.45156318708852267,0,0.18081795892265107,0.36645551261090026,2,1,4,2,3,0,0.403240619246965
0.04420595018602163,1,0.31329823612589847,0.5924153940493971,1,7,1,5,5,0,0.1811951258802602
0.36497631009271164,5,0.7825031979664119,0.727899431392875,4,4,3,4,1,0,0.40595496090024485
0.08695262720153353,2,0.8359600808360361,0.9017006051616897,1,0,3,4,3,0,0.25627477538781884
0.34930585098963507,21,0.3489092343299436,0.970823745210115,5,3,2,3,3,1,0.7562062000151146
0.23582811177136395,4,0.583224168944488,0.313482564263335,2,3,4,1,2,0,0.32242223330593595
0.1633952447883931,8,0.13645797153790673,0.2493570070507426,6,3,2,1,3,0,0.3550544485818861
0.36850600170577846,6,0.9876682987707971,0.1959758655613273,5,4,5,2,5,0,0.4403931239997155
0.19107296333618845,4,0.00845247172981134,0.9220481894796393,3,3,4,3,3,0,0.33076304847544763
0.20668723431641875,3,0.6411457122656847,0.1830860195924977,3,5,2,5,5,0,0.24324068264068455
0.31800183449500696,3,0.5449912173182049,0.763440585247061,3,4,1,6,5,0,0.35035798965419
0.1452906714783814,3,0.3047258337610601,0.29782180035678485,4,0,5,6,1,0,0.2353598163876418
0.4258384059290911,0,0.8322041444523702,0.23938594560766446,4,0,4,6,5,0,0.25988213285687545
0.3103559661573698,13,0.012903008744897693,0.9412068499745109,3,7,8,2,2,1,0.5615430319792093
0.14967411983489193,6,0.5348908015852026,0.7621272202842568,1,3,2,2,1,0,0.26981703755953135
0.05916831130185123,9,0.6690375499526531,0.8358986518834194,4,1,3,4,2,0,0.31728561356966384
0.16050587065894253,0,0.7399409521246139,0.4905769171267029,0,1,4,3,2,0,0.2518677507757638
0.1571649275519127,1,0.606475564254637,0.7219986365622123,2,2,4,3,3,0,0.3403536897079687
0.21687312911589052,3,0.7015960572218174,0.12819305294001315,0,3,4,4,2,0,0.11424982016545718
0.5683976863950497,6,0.8117915008836567,0.15159584980307395,5,2,1,4,1,1,0.5107399959680692
0.2471323578374373,7,0.5913205914059203,0.2839343159273763,8,4,4,2,4,0,0.2063588378853426
0.6000454105299605,0,0.5044304231979618,0.5015553245053432,4,4,1,4,2,0,0.2706177862668352
0.6191739450211745,0,0.14166418181026408,0.5536472854820046,2,4,3,4,1,0,0.3383437232703775
0.40094513731911785,1,0.38425747385082254,0.49352468321398835,3,2,4,5,1,0,0.3368018005575203
0.42816398784885135,3,0.8204293653425724,0.4117822688849997,2,5,2,2,2,0,0.31495949833596204
0.5636740304258219,2,0.4702864026027894,0.07550623508295717,2,2,6,2,5,0,0.2564410801042995
0.3181142049953123,0,0.40510297976395426,0.32033062034178306,1,2,2,3,4,0,0.18215994080003073
0.30876358272046345,2,0.31023392858938326,0.677059760896898,4,9,2,9,3,0,0.280756648702983
0.24831811248822233,12,0.43007376077721227,0.403722420754129,2,3,4,3,3,1,0.5767843357467813
0.5534848879704437,0,0.6414047893588893,0.28120813742056283,3,3,5,1,2,0,0.37976261501567915
0.052504507929477515,4,0.6717371843996885,0.49103663715790025,3,6,4,1,1,0,0.1920166212704273
0.2903524969164683,5,0.25956980138321284,0.8732489564848379,0,5,0,1,2,0,0.36692468545582113
0.42586679581944703,1,0.7979922686172654,0.4131439442061863,3,3,4,6,4,0,0.28784465293243694
0.31751146264642144,2,0.011809645782685174,0.8225392475400304,4,4,4,7,2,0,0.32982006277346815
0.2688176134676826,6,0.3198122753766972,0.525313270285009,3,4,0,1,1,0,0.34660523604578547
0.6304438458840269,0,0.1037367778401137,0.6895029198444828,5,0,3,4,4,0,0.2633464853369851
0.3016711708102217,5,0.6711075549441199,0.613619318633499,2,4,2,2,6,0,0.41330094265954664
0.2785136201214888,14,0.5109088281229142,0.17935843405954044,3,4,3,6,4,1,0.6202142718312013
0.3981564756522256,0,0.8546724934123368,0.1899070127536251,4,1,1,5,2,0,0.14738383257323592
0.5185877217487617,2,0.8962634900492464,0.14448661774651417,3,4,3,1,3,0,0.384656572809101
0.5461227762944945,0,0.857642340681527,0.25047916006631765,1,1,3,3,5,0,0.3706574831608938
0.3559333788247243,0,0.7147851341821877,0.13026405813269804,2,4,6,3,5,0,0.2639968364977208
0.15007541241130617,10,0.9797193058017982,0.8906195037329979,4,2,4,5,0,0,0.23509986195710628
0.37691925306086765,2,0.3167940627698491,0.23463478892809464,2,3,2,0,2,0,0.35662527807326155
0.026953299230357292,6,0.5908222670935708,0.7180544861508475,3,3,2,4,1,0,0.2835315954431097
0.24387901009083476,4,0.07291941606333563,0.9903801918553421,4,1,2,4,2,0,0.2510894994145632
0.34498580515745986,4,0.8247776714210233,0.2441030837076107,1,3,3,2,4,0,0.4351379328049705
0.4923452262469901,0,0.20435894979291802,0.9898687336080201,1,6,3,1,6,0,0.2659552115478627
0.24753814356690612,2,0.7345983510027666,0.8938690070493622,2,3,1,7,4,0,0.33987045978138036
0.18124405312461667,0,0.7659034406715509,0.9924052755177305,3,1,3,2,4,0,0.25232752205421366
0.3695566480696394,0,0.5604265176166675,0.5065583027697516,1,4,3,5,2,0,0.2444389293554611
0.4933706622193489,5,0.6010856844392555,0.23608150430360253,2,6,3,1,5,0,0.3353818606547615
0.21663024263701658,0,0.953086700713004,0.6315565838715301,2,2,3,4,0,0,0.10975797411346438
0.3404819593688337,2,0.48962038222072357,0.9493949260905554,4,3,4,2,2,0,0.22633362489947736
0.21279417343523807,9,0.3132038640063195,0.022749133927567944,2,4,3,0,5,0,0.4214736738522698
0.4530901780911338,2,0.5737133651639253,0.9093657119093996,1,6,1,3,5,0,0.3443700261174285
0.24978046628423373,1,0.7960061896866728,0.42976568710931085,2,5,3,4,5,0,0.04897932942499534
0.09243797342674494,2,0.6993886631745968,0.6363795459809997,5,3,5,4,2,0,0.257187248567724
0.2839707351488648,0,0.008840589716158309,0.461680122915615,5,2,4,3,2,0,0.3177837092358946
0.30896543612447164,0,0.5839381475662309,0.2885940962276061,6,3,2,7,3,0,0.20626325500908116
0.30776617816509555,3,0.18364323714500508,0.40141596643445276,2,6,0,5,5,0,0.10727362546707213
0.3121042301759556,1,0.4645488927975606,0.39440621802324893,4,6,2,1,3,0,0.20493730989667636
0.22106604226944784,10,0.9604838918379195,0.901957635837169,6,1,0,2,1,0,0.3842442247075708
0.43051018986108097,7,0.8878793229176791,0.9976639914105231,3,2,4,2,6,0,0.4611689540007173
0.5956169132716763,1,0.29385825156579815,0.8019060809575724,2,5,6,2,2,0,0.22719507315727375
0.2830261653681043,5,0.29716038137661105,0.8289954442465685,2,4,3,2,5,0,0.3089625776782094
0.16611793244495487,2,0.46247045139379905,0.2925160708300125,4,1,3,5,2,0,0.2541488951778165
0.33156667341327123,5,0.4079956970211769,0.5448219142676366,3,5,1,1,2,0,0.3670013653297785
0.079429501189847,4,0.5255637790379042,0.22428178218701644,6,3,6,2,1,0,0.018142509305678955
0.33263977521960125,33,0.691798514594926,0.9989716762103972,1,4,3,5,3,1,0.9999999998904154
0.3929809185754725,1,0.9790301526284582,0.9684547937229602,5,5,1,4,4,0,0.27679295465272186
0.3540775782265221,5,0.3330683338801341,0.5086891933621269,2,5,2,3,4,0,0.4191656408527261
0.08116624883016875,6,0.008388708420853819,0.4852973668089453,3,2,1,2,2,0,0.4736200193594101
0.09276114585907755,3,0.34650931344983626,0.8485286902499969,3,3,3,1,4,0,0.10953691165033061
0.2272194319191214,0,0.4431714947474116,0.029292697087456743,1,2,2,2,0,0,0.16002420920016916
0.27781300322202235,1,0.5080135993342937,0.8792062050014788,8,2,2,3,2,0,0.24756517853606305
0.591021723682343,0,0.14063841010278666,0.12345451183153033,2,5,3,5,1,0,0.32695381436184195
0.18559689962470152,0,0.04435830709495103,0.9793714841648516,1,4,1,1,5,0,0.18028052948812617
0.28160094522291945,2,0.47890005604328223,0.13304887337704874,3,3,1,2,4,0,0.1741941227025027
0.07386849420271085,5,0.7427168303735803,0.443686782671339,1,4,2,1,1,0,0.202205019696689
0.07807025002380949,7,0.7698031177549516,0.6642060773954236,5,3,3,3,5,0,0.30965948212908756
0.1199683079800448,5,0.026535994085843284,0.686136184120598,3,2,2,3,4,0,0.4102471716428101
0.3962160681088834,5,0.5998937631131375,0.49335189645500566,5,4,3,6,3,0,0.32811964664378307
0.08133769667394197,2,0.49548975060079703,0.7905902279264372,5,2,4,2,1,0,0.2322401648044063
0.1659485625069629,4,0.3438431976407471,0.35475280183808255,3,0,3,4,3,0,0.25896969538363485
0.20225694569673042,1,0.6177237890732686,0.6429393637382317,1,1,3,2,2,0,0.24749390067618576
0.2908534847097283,1,0.16540417963449705,0.8016513173383958,2,3,2,4,5,0,0.3514460889668279
0.41831061232492245,1,0.9425452399224059,0.313542156042795,1,1,7,0,1,0,0.27482031943519686
0.4723534877985634,10,0.5462997962206708,0.4783387222000002,2,2,1,4,1,1,0.5296200638470167
0.2493747105306028,1,0.08304588074967534,0.7975558210716621,6,2,3,2,0,0,0.16013017342907243
0.45185454559881516,10,0.0717947241381115,0.7541677931229277,7,3,2,2,5,1,0.48811264126792164
0.06982068066178909,22,0.29449866658646495,0.602367904956013,3,3,2,1,3,1,0.48759592361804266
0.24552850371632765,0,0.2259581016782879,0.04985654736772782,3,3,1,3,2,0,0.11958442926102053
0.21657105698805795,2,0.6092959508750391,0.22635649583371098,0,2,3,3,5,0,0.1866241160577638
0.6437280445461053,5,0.5793980445001037,0.22395695708628494,2,6,4,4,3,0,0.3901950744760311
0.3250269276953888,5,0.5468125004754295,0.7798418920560155,3,3,2,7,3,0,0.3028561130236184
0.03308204879132686,0,0.7853102057057296,0.40532661349913623,4,4,4,4,2,0,0.02636317570090172
0.22528287131373562,1,0.10660329122475143,0.22040107262876574,3,4,2,4,2,0,0.25574224986137595
0.3136425607511342,0,0.9250825744482377,0.6125374047152873,4,2,5,2,3,0,0.29659005048287795
0.25376616238191735,7,0.428025578310128,0.6295383189430674,3,2,4,6,3,1,0.49784618152598714
0.18281237758159433,2,0.053317823424461785,0.9748496819209641,0,5,2,3,4,0,0.13694184843794233
0.17120631172699444,2,0.09036389757996022,0.17517044169192098,1,4,4,3,2,0,0.23920859043623913
0.15052811918970874,2,0.8108678772973605,0.5535913065063108,3,2,5,4,5,0,0.2287733954510652
0.11009459613992906,9,0.29863199893519476,0.5143233210190159,2,2,4,3,4,0,0.25125378412043675
0.2048029964652912,8,0.46062509206469515,0.6026933214330465,5,2,4,5,4,0,0.47582694594669334
0.28391849660624613,0,0.11147200586104133,0.7151972096588083,7,5,6,3,2,0,0.18435354872553622
0.1455591826110606,1,0.7199462296166405,0.3411178306270589,1,4,4,4,4,0,0.30202904712681644
0.143031671339261,0,0.09494042385112023,0.4110147813746923,5,7,7,7,4,0,0.21883393848848426
0.36368488173722646,6,0.8919727483209017,0.3578172617369483,4,3,3,5,4,0,0.3332734626596112
0.2667139546747132,10,0.11003225856109322,0.9164188066329181,1,6,3,5,2,1,0.5356254585002108
0.20330198442706562,3,0.8318394354806812,0.07518281546026284,3,5,8,7,2,0,0.28273556195203614
0.06317115068400965,0,0.4296529084565386,0.9184505871909531,3,3,3,2,2,0,0.2688195845912315
0.11763195047865077,2,0.3946710009138882,0.8714177316768716,2,1,1,3,4,0,0.24852510472684997
0.14750400537305117,12,0.09741495072386319,0.5025140329234374,5,3,2,2,3,0,0.43191125156870613
0.24864112841905403,11,0.35434896735090093,0.01073079382970854,4,3,3,2,2,1,0.5441284133372134
0.10801259404243994,1,0.917519245350501,0.11103335141479242,1,2,5,3,6,0,0.13457963983246704
0.562725808495288,6,0.05097457300870767,0.03067481352403345,1,0,1,0,5,0,0.30995987242879114
0.4264534123181559,0,0.10462681657354356,0.006026802154590172,3,3,2,0,3,0,0.3888815362269628
